incentive,private,grade,table,table_size,table_incentive_pr,grape,grape2,cluster,strata,sex,race,lunch,dg,sw,sc,male,group,sex_mf,grade_mod,black,hispanic,free,public,above_grade_median,nosurvey,dbestfriend,dbestfriend_i,dpopular,dpopular_i,tpr_own,Switched,Stayed
1,0,2,223,3,1,1,1,216,19,3,2,2,0,0,0,1,8,1,2,1,0,1,1,0,0,0,0,0,0,0.6666666865348816,Not Changed,Stayed Grape
0,0,7,62,3,0.6666666865348816,1,1,76,7,3,3,2,0,0,0,1,5,1,7,0,1,1,1,1,0,1,1,0,0,0.6666666865348816,Not Changed,Stayed Grape
1,0,0,223,3,1,1,1,216,19,3,3,2,0,0,0,1,8,1,0,0,1,1,1,0,1,0,0,0,0,0.6666666865348816,Not Changed,Stayed Grape
1,0,8,106,3,1,1,1,121,10,2,3,2,0,0,0,0,8,0,8,0,1,1,1,1,0,1,1,0,0,1,Not Changed,Stayed Grape
0,0,8,81,3,0.3333333432674408,1,1,85,7,2,2,2,0,0,0,0,5,0,8,1,0,1,1,1,0,1,1,0,0,0.3333333432674408,Not Changed,Stayed Grape
0,0,7,70,3,0.3333333432674408,1,1,80,7,3,3,2,0,0,0,1,5,1,7,0,1,1,1,1,1,0,0,0,0,0.3333333432674408,Not Changed,Stayed Grape
1,0,7,70,3,0.3333333432674408,1,1,80,7,3,3,2,0,0,0,1,6,1,7,0,1,1,1,1,1,0,0,0,0,0.3333333432674408,Not Changed,Stayed Grape
0,0,7,79,3,0,0,1,84,7,2,3,2,1,1,0,0,2,0,7,0,1,1,1,1,0,1,0,0,0,0,Cookie to Grape,Changed
1,0,7,62,3,0.6666666865348816,1,1,76,7,3,3,2,0,0,0,1,6,1,7,0,1,1,1,1,0,1,1,0,0,0.6666666865348816,Not Changed,Stayed Grape
1,0,8,106,3,1,1,1,121,10,2,3,2,0,0,0,0,8,0,8,0,1,1,1,1,0,1,1,0,0,1,Not Changed,Stayed Grape
1,0,8,106,3,1,1,1,121,10,2,3,4,0,0,0,0,8,0,8,0,1,0,1,1,0,1,1,0,0,1,Not Changed,Stayed Grape
0,0,6,188,3,0,0,0,202,18,3,3,2,0,0,0,1,2,1,6,0,1,1,1,1,0,0,0,0,0,0,Not Changed,Stayed Cookie
1,0,3,223,3,1,0,0,216,19,2,3,2,0,0,0,0,8,0,3,0,1,1,1,0,0,0,0,0,0,0.3333333432674408,Not Changed,Stayed Cookie
1,0,7,62,3,0.6666666865348816,1,1,76,7,3,3,2,0,0,0,1,6,1,7,0,1,1,1,1,0,1,1,0,0,0.6666666865348816,Not Changed,Stayed Grape
0,0,8,81,3,0.3333333432674408,1,1,85,7,3,3,2,0,0,0,1,5,1,8,0,1,1,1,1,0,1,1,1,0,0,Not Changed,Stayed Grape
0,0,6,188,3,0,1,1,202,18,2,3,2,0,0,0,0,2,0,6,0,1,1,1,1,0,0,0,1,0,0,Not Changed,Stayed Grape
0,0,7,79,3,0,1,1,84,7,2,3,2,0,0,0,0,2,0,7,0,1,1,1,1,0,1,0,0,0,0,Not Changed,Stayed Grape
1,0,8,81,3,0.3333333432674408,1,0,85,7,2,2,3,-1,0,1,0,6,0,8,1,0,0,1,1,0,1,0,1,1,0.3333333432674408,Grape to Cookie,Changed
1,0,1,17,4,1,1,1,3,1,2,3,2,0,0,0,0,8,0,1,0,1,1,1,0,0,1,1,1,1,0.75,Not Changed,Stayed Grape
1,0,2,80,4,1,0,0,71,6,3,3,3,0,0,0,1,8,1,2,0,1,0,1,0,1,0,0,0,0,0.75,Not Changed,Stayed Cookie
0,0,5,253,4,0,0,0,263,24,2,3,2,0,0,0,0,2,0,5,0,1,1,1,1,0,1,0,0,0,0,Not Changed,Stayed Cookie
0,0,1,27,4,0.5,1,1,7,1,2,3,2,0,0,0,0,5,0,1,0,1,1,1,0,0,1,1,0,0,0.5,Not Changed,Stayed Grape
0,0,6,89,4,0,0,0,89,7,3,3,2,0,0,0,1,2,1,6,0,1,1,1,1,0,1,0,0,0,0,Not Changed,Stayed Cookie
1,0,0,256,4,1,1,1,241,22,2,2,2,0,0,0,0,8,0,0,1,0,1,1,0,1,0,0,0,0,1,Not Changed,Stayed Grape
1,0,2,80,4,1,1,1,71,6,3,3,2,0,0,0,1,8,1,2,0,1,1,1,0,1,0,0,0,0,0.75,Not Changed,Stayed Grape
1,0,0,256,4,1,0,0,241,22,2,2,2,0,0,0,0,8,0,0,1,0,1,1,0,1,0,0,0,0,1,Not Changed,Stayed Cookie
0,0,2,189,4,0,0,0,186,16,3,3,2,0,0,0,1,2,1,2,0,1,1,1,0,1,0,0,0,0,0,Not Changed,Stayed Cookie
1,0,2,80,4,1,1,1,71,6,2,3,2,0,0,0,0,8,0,2,0,1,1,1,0,1,0,0,0,0,0.25,Not Changed,Stayed Grape
0,0,5,123,4,0.25,1,1,114,9,2,3,4,0,0,0,0,5,0,5,0,1,0,1,1,0,1,1,1,0,0.25,Not Changed,Stayed Grape
0,0,4,268,4,0,1,1,266,24,2,3,2,0,0,0,0,2,0,4,0,1,1,1,0,1,0,0,0,0,0,Not Changed,Stayed Grape
1,0,0,20,4,1,0,0,4,1,3,3,2,0,0,0,1,8,1,0,0,1,1,1,0,1,0,0,0,0,0.25,Not Changed,Stayed Cookie
1,0,4,4,4,1,0,0,21,3,2,3,2,0,0,0,0,8,0,4,0,1,1,1,0,1,0,0,0,0,1,Not Changed,Stayed Cookie
0,0,6,89,4,0,0,0,89,7,3,3,2,0,0,0,1,2,1,6,0,1,1,1,1,0,0,0,0,0,0,Not Changed,Stayed Cookie
0,0,6,90,4,0,0,0,90,7,3,3,2,0,0,0,1,2,1,6,0,1,1,1,1,0,1,0,0,0,0,Not Changed,Stayed Cookie
0,0,7,63,4,0.25,1,0,77,7,2,3,3,-1,0,1,0,5,0,7,0,1,0,1,1,0,0,0,0,0,0,Grape to Cookie,Changed
0,0,2,189,4,0,0,0,186,16,3,3,4,0,0,0,1,2,1,2,0,1,0,1,0,0,0,0,1,0,0,Not Changed,Stayed Cookie
0,0,4,268,4,0,0,0,266,24,3,3,2,0,0,0,1,2,1,4,0,1,1,1,0,1,0,0,0,0,0,Not Changed,Stayed Cookie
0,0,2,226,4,0,0,1,217,19,3,2,2,1,1,0,1,2,1,2,1,0,1,1,0,0,0,0,0,0,0,Cookie to Grape,Changed
1,0,1,20,4,1,0,0,4,1,2,3,2,0,0,0,0,8,0,1,0,1,1,1,0,0,0,0,1,1,0.75,Not Changed,Stayed Cookie
0,0,7,78,4,0,1,1,83,7,3,6,2,0,0,0,1,2,1,7,0,0,1,1,1,1,0,0,0,0,0,Not Changed,Stayed Grape
1,0,6,277,4,1,1,1,269,24,2,3,2,0,0,0,0,8,0,6,0,1,1,1,1,0,1,1,0,0,0.75,Not Changed,Stayed Grape
1,0,1,27,4,0.5,0,0,7,1,2,3,2,0,0,0,0,6,0,1,0,1,1,1,0,0,1,1,0,0,0.5,Not Changed,Stayed Cookie
0,0,7,63,4,0.25,0,0,77,7,3,3,2,0,0,0,1,5,1,7,0,1,1,1,1,1,0,0,0,0,0.25,Not Changed,Stayed Cookie
0,0,3,226,4,0,0,0,217,19,2,2,2,0,0,0,0,2,0,3,1,0,1,1,0,0,1,0,1,0,0,Not Changed,Stayed Cookie
1,0,7,252,4,1,1,0,275,25,3,2,2,-1,0,1,1,8,1,7,1,0,1,1,1,1,0,0,0,0,1,Grape to Cookie,Changed
1,0,1,17,4,1,1,1,3,1,3,3,2,0,0,0,1,8,1,1,0,1,1,1,0,0,0,0,0,0,0.25,Not Changed,Stayed Grape
1,0,0,256,4,1,0,0,241,22,2,2,2,0,0,0,0,8,0,0,1,0,1,1,0,1,0,0,0,0,1,Not Changed,Stayed Cookie
0,0,3,226,4,0,1,0,217,19,3,2,2,-1,0,1,1,2,1,3,1,0,1,1,0,0,1,0,1,0,0,Grape to Cookie,Changed
1,0,1,20,4,1,0,0,4,1,2,3,2,0,0,0,0,8,0,1,0,1,1,1,0,0,1,1,0,0,0.75,Not Changed,Stayed Cookie
0,0,5,253,4,0,1,0,263,24,2,2,2,-1,0,1,0,2,0,5,1,0,1,1,1,0,1,0,1,0,0,Grape to Cookie,Changed
1,0,6,277,4,1,0,1,269,24,2,2,2,1,1,0,0,8,0,6,1,0,1,1,1,0,1,1,1,1,0.75,Cookie to Grape,Changed
0,0,5,123,4,0.25,0,0,114,9,2,3,2,0,0,0,0,5,0,5,0,1,1,1,1,0,1,1,1,0,0.25,Not Changed,Stayed Cookie
0,0,1,27,4,0.5,0,0,7,1,3,3,2,0,0,0,1,5,1,1,0,1,1,1,0,0,0,0,1,0,0,Not Changed,Stayed Cookie
0,0,5,253,4,0,1,1,263,24,3,3,2,0,0,0,1,2,1,5,0,1,1,1,1,0,0,0,1,0,0,Not Changed,Stayed Grape
0,0,6,90,4,0,0,0,90,7,3,3,2,0,0,0,1,2,1,6,0,1,1,1,1,0,0,0,0,0,0,Not Changed,Stayed Cookie
0,0,5,123,4,0.25,1,1,114,9,2,3,2,0,0,0,0,5,0,5,0,1,1,1,1,0,1,1,1,0,0.25,Not Changed,Stayed Grape
1,0,7,252,4,1,1,1,275,25,3,2,2,0,0,0,1,8,1,7,1,0,1,1,1,1,0,0,0,0,1,Not Changed,Stayed Grape
1,0,7,252,4,1,1,0,275,25,3,2,2,-1,0,1,1,8,1,7,1,0,1,1,1,1,0,0,0,0,1,Grape to Cookie,Changed
0,0,6,90,4,0,0,0,90,7,3,3,2,0,0,0,1,2,1,6,0,1,1,1,1,0,1,0,0,0,0,Not Changed,Stayed Cookie
1,0,7,63,4,0.25,1,0,77,7,3,3,2,-1,0,1,1,6,1,7,0,1,1,1,1,1,0,0,0,0,0.25,Grape to Cookie,Changed
1,0,6,277,4,1,1,1,269,24,3,2,2,0,0,0,1,8,1,6,1,0,1,1,1,0,0,0,0,0,0.25,Not Changed,Stayed Grape
1,0,4,4,4,1,1,0,21,3,2,2,2,-1,0,1,0,8,0,4,1,0,1,1,0,0,1,1,0,0,1,Grape to Cookie,Changed
1,0,1,17,4,1,1,0,3,1,2,3,2,-1,0,1,0,8,0,1,0,1,1,1,0,0,1,1,1,1,0.75,Grape to Cookie,Changed
0,0,6,90,4,0,0,0,90,7,3,2,2,0,0,0,1,2,1,6,1,0,1,1,1,0,0,0,0,0,0,Not Changed,Stayed Cookie
1,0,6,277,4,1,0,0,269,24,2,3,2,0,0,0,0,8,0,6,0,1,1,1,1,0,0,0,1,1,0.75,Not Changed,Stayed Cookie
0,0,7,78,4,0,1,1,83,7,2,3,2,0,0,0,0,2,0,7,0,1,1,1,1,1,0,0,0,0,0,Not Changed,Stayed Grape
0,0,7,63,4,0.25,0,0,77,7,3,3,2,0,0,0,1,5,1,7,0,1,1,1,1,0,1,1,1,1,0.25,Not Changed,Stayed Cookie
1,0,1,17,4,1,1,1,3,1,2,2,2,0,0,0,0,8,0,1,1,0,1,1,0,0,1,1,1,1,0.75,Not Changed,Stayed Grape
0,0,4,268,4,0,1,1,266,24,3,3,2,0,0,0,1,2,1,4,0,1,1,1,0,0,0,0,0,0,0,Not Changed,Stayed Grape
1,0,2,80,4,1,1,1,71,6,3,3,2,0,0,0,1,8,1,2,0,1,1,1,0,1,0,0,0,0,0.75,Not Changed,Stayed Grape
0,0,3,226,4,0,0,0,217,19,2,2,2,0,0,0,0,2,0,3,1,0,1,1,0,0,1,0,1,0,0,Not Changed,Stayed Cookie
0,0,2,189,4,0,0,0,186,16,3,3,4,0,0,0,1,2,1,2,0,1,0,1,0,0,1,0,0,0,0,Not Changed,Stayed Cookie
0,0,2,189,4,0,0,0,186,16,3,2,2,0,0,0,1,2,1,2,1,0,1,1,0,0,1,0,0,0,0,Not Changed,Stayed Cookie
1,0,4,4,4,1,1,1,21,3,2,3,2,0,0,0,0,8,0,4,0,1,1,1,0,0,1,1,0,0,1,Not Changed,Stayed Grape
1,0,1,27,4,0.5,0,0,7,1,2,3,2,0,0,0,0,6,0,1,0,1,1,1,0,0,1,0,0,0,0.5,Not Changed,Stayed Cookie
0,0,6,89,4,0,1,1,89,7,3,6,3,0,0,0,1,2,1,6,0,0,0,1,1,0,1,0,0,0,0,Not Changed,Stayed Grape
0,0,5,253,4,0,0,0,263,24,2,2,2,0,0,0,0,2,0,5,1,0,1,1,1,0,1,0,1,0,0,Not Changed,Stayed Cookie
0,0,7,78,4,0,0,0,83,7,2,3,4,0,0,0,0,2,0,7,0,1,0,1,1,1,0,0,0,0,0,Not Changed,Stayed Cookie
1,0,0,256,4,1,1,1,241,22,2,3,4,0,0,0,0,8,0,0,0,1,0,1,0,1,0,0,0,0,1,Not Changed,Stayed Grape
1,0,5,123,4,0.25,1,0,114,9,2,3,2,-1,0,1,0,6,0,5,0,1,1,1,1,0,1,0,1,1,0.25,Grape to Cookie,Changed
1,0,4,4,4,1,1,0,21,3,2,3,2,-1,0,1,0,8,0,4,0,1,1,1,0,0,1,1,1,1,1,Grape to Cookie,Changed
1,0,1,20,4,1,0,0,4,1,2,3,1,0,0,0,0,8,0,1,0,1,0,1,0,0,0,0,1,1,0.75,Not Changed,Stayed Cookie
0,0,6,89,4,0,1,1,89,7,3,3,2,0,0,0,1,2,1,6,0,1,1,1,1,0,0,0,0,0,0,Not Changed,Stayed Grape
1,0,7,252,4,1,1,1,275,25,3,2,2,0,0,0,1,8,1,7,1,0,1,1,1,1,0,0,0,0,1,Not Changed,Stayed Grape
0,0,4,268,4,0,1,1,266,24,2,2,2,0,0,0,0,2,0,4,1,0,1,1,0,0,0,0,0,0,0,Not Changed,Stayed Grape
0,0,7,78,4,0,1,1,83,7,2,4,4,0,0,0,0,2,0,7,0,0,0,1,1,0,1,0,1,0,0,Not Changed,Stayed Grape
1,0,4,143,5,1,1,1,143,12,3,2,2,0,0,0,1,8,1,4,1,0,1,1,0,0,1,1,1,1,1,Not Changed,Stayed Grape
0,0,6,124,5,0,0,0,128,10,2,2,2,0,0,0,0,2,0,6,1,0,1,1,1,0,1,0,0,0,0,Not Changed,Stayed Cookie
0,0,1,116,5,0.6000000238418579,0,0,98,8,3,3,2,0,0,0,1,5,1,1,0,1,1,1,0,0,1,0,1,0,0.4000000059604645,Not Changed,Stayed Cookie
1,0,1,14,5,1,1,1,2,1,3,3,2,0,0,0,1,8,1,1,0,1,1,1,0,0,1,1,1,1,0.800000011920929,Not Changed,Stayed Grape
0,0,8,284,5,0.20000000298023224,0,0,284,25,3,2,2,0,0,0,1,5,1,8,1,0,1,1,1,0,1,0,1,0,0.20000000298023224,Not Changed,Stayed Cookie
1,0,1,14,5,1,1,1,2,1,3,3,2,0,0,0,1,8,1,1,0,1,1,1,0,0,1,1,1,1,0.800000011920929,Not Changed,Stayed Grape
1,0,2,204,5,1,0,0,191,16,3,3,2,0,0,0,1,8,1,2,0,1,1,1,0,0,0,0,0,0,0.20000000298023224,Not Changed,Stayed Cookie
0,0,8,102,5,0.4000000059604645,0,0,120,10,2,2,2,0,0,0,0,5,0,8,1,0,1,1,1,0,1,1,1,0,0.4000000059604645,Not Changed,Stayed Cookie
0,0,4,96,5,0.4000000059604645,0,0,104,9,2,2,2,0,0,0,0,5,0,4,1,0,1,1,0,0,1,0,1,0,0.4000000059604645,Not Changed,Stayed Cookie
0,0,3,211,5,0,0,0,211,19,2,2,2,0,0,0,0,2,0,3,1,0,1,1,0,0,1,0,1,0,0,Not Changed,Stayed Cookie
0,0,2,35,5,0,1,1,35,4,2,3,2,0,0,0,0,2,0,2,0,1,1,1,0,0,1,0,0,0,0,Not Changed,Stayed Grape
0,0,1,211,5,0,1,1,211,19,2,2,2,0,0,0,0,2,0,1,1,0,1,1,0,0,0,0,0,0,0,Not Changed,Stayed Grape
0,0,1,149,5,0.4000000059604645,1,1,137,11,2,3,2,0,0,0,0,5,0,1,0,1,1,1,0,1,0,0,0,0,0.20000000298023224,Not Changed,Stayed Grape
1,0,3,263,5,0.4000000059604645,1,1,250,23,2,2,2,0,0,0,0,6,0,3,1,0,1,1,0,0,1,1,0,0,0.4000000059604645,Not Changed,Stayed Grape
1,0,5,103,5,1,1,1,107,9,2,3,2,0,0,0,0,8,0,5,0,1,1,1,1,0,1,1,1,1,0.6000000238418579,Not Changed,Stayed Grape
0,0,1,75,5,0.4000000059604645,1,1,68,6,3,3,3,0,0,0,1,5,1,1,0,1,0,1,0,0,1,1,1,0,0.20000000298023224,Not Changed,Stayed Grape
0,0,2,43,5,0.4000000059604645,1,1,40,4,3,3,2,0,0,0,1,5,1,2,0,1,1,1,0,0,0,0,0,0,0,Not Changed,Stayed Grape
1,0,6,227,5,1,1,0,229,20,2,3,2,-1,0,1,0,8,0,6,0,1,1,1,1,1,0,0,0,0,0.800000011920929,Grape to Cookie,Changed
0,0,6,124,5,0,1,1,128,10,2,3,2,0,0,0,0,2,0,6,0,1,1,1,1,0,0,0,0,0,0,Not Changed,Stayed Grape
1,0,5,227,5,1,0,0,229,20,2,2,2,0,0,0,0,8,0,5,1,0,1,1,1,0,0,0,0,0,0.800000011920929,Not Changed,Stayed Cookie
0,0,6,130,5,0,1,1,130,10,2,3,2,0,0,0,0,2,0,6,0,1,1,1,1,0,1,0,0,0,0,Not Changed,Stayed Grape
1,0,4,258,5,1,1,0,264,24,3,2,2,-1,0,1,1,8,1,4,1,0,1,1,0,1,0,0,0,0,1,Grape to Cookie,Changed
1,0,8,51,5,1,1,0,55,5,2,3,2,-1,0,1,0,8,0,8,0,1,1,1,1,1,0,0,0,0,0.6000000238418579,Grape to Cookie,Changed
1,0,1,220,5,1,1,1,215,19,2,2,2,0,0,0,0,8,0,1,1,0,1,1,0,0,0,0,1,1,0.6000000238418579,Not Changed,Stayed Grape
1,0,6,51,5,1,1,1,55,5,3,3,2,0,0,0,1,8,1,6,0,1,1,1,1,1,0,0,0,0,0.20000000298023224,Not Changed,Stayed Grape
0,0,1,181,5,0,0,1,181,16,3,3,2,1,1,0,1,2,1,1,0,1,1,1,0,0,0,0,0,0,0,Cookie to Grape,Changed
0,0,2,43,5,0.4000000059604645,1,0,40,4,3,6,2,-1,0,1,1,5,1,2,0,0,1,1,0,0,0,0,0,0,0,Grape to Cookie,Changed
0,0,1,116,5,0.6000000238418579,0,0,98,8,3,2,2,0,0,0,1,5,1,1,1,0,1,1,0,0,1,1,1,0,0.4000000059604645,Not Changed,Stayed Cookie
1,0,1,220,5,1,1,1,215,19,3,2,2,0,0,0,1,8,1,1,1,0,1,1,0,0,0,0,0,0,0.4000000059604645,Not Changed,Stayed Grape
1,0,8,21,5,0.6000000238418579,1,1,30,3,3,3,2,0,0,0,1,6,1,8,0,1,1,1,1,1,0,0,0,0,0.6000000238418579,Not Changed,Stayed Grape
0,0,8,21,5,0.6000000238418579,1,1,30,3,3,3,2,0,0,0,1,5,1,8,0,1,1,1,1,1,0,0,0,0,0.6000000238418579,Not Changed,Stayed Grape
0,0,3,65,5,0.20000000298023224,1,1,63,6,3,3,2,0,0,0,1,5,1,3,0,1,1,1,0,1,0,0,0,0,0.20000000298023224,Not Changed,Stayed Grape
0,0,8,102,5,0.4000000059604645,1,1,120,10,2,2,2,0,0,0,0,5,0,8,1,0,1,1,1,0,1,1,1,0,0.4000000059604645,Not Changed,Stayed Grape
0,0,6,130,5,0,1,1,130,10,2,3,2,0,0,0,0,2,0,6,0,1,1,1,1,0,1,0,0,0,0,Not Changed,Stayed Grape
1,0,8,59,5,1,1,1,60,5,2,6,2,0,0,0,0,8,0,8,0,0,1,1,1,1,0,0,0,0,0.6000000238418579,Not Changed,Stayed Grape
0,0,1,147,5,0.6000000238418579,1,1,136,11,3,2,2,0,0,0,1,5,1,1,1,0,1,1,0,0,1,1,1,1,0.4000000059604645,Not Changed,Stayed Grape
0,0,3,65,5,0.20000000298023224,0,0,63,6,3,6,3,0,0,0,1,5,1,3,0,0,0,1,0,1,0,0,0,0,0.20000000298023224,Not Changed,Stayed Cookie
1,0,8,21,5,0.6000000238418579,1,1,30,3,3,3,2,0,0,0,1,6,1,8,0,1,1,1,1,1,0,0,0,0,0.6000000238418579,Not Changed,Stayed Grape
0,0,4,2,5,0.4000000059604645,1,1,20,3,2,3,2,0,0,0,0,5,0,4,0,1,1,1,0,0,1,1,0,0,0.4000000059604645,Not Changed,Stayed Grape
0,0,6,124,5,0,1,1,128,10,2,3,2,0,0,0,0,2,0,6,0,1,1,1,1,0,1,0,0,0,0,Not Changed,Stayed Grape
1,0,2,204,5,1,0,0,191,16,2,6,2,0,0,0,0,8,0,2,0,0,1,1,0,0,0,0,0,0,0.800000011920929,Not Changed,Stayed Cookie
0,0,8,23,5,0.4000000059604645,0,0,31,3,2,3,2,0,0,0,0,5,0,8,0,1,1,1,1,1,0,0,0,0,0,Not Changed,Stayed Cookie
0,0,2,43,5,0.4000000059604645,0,0,40,4,2,6,2,0,0,0,0,5,0,2,0,0,1,1,0,0,0,0,0,0,0.4000000059604645,Not Changed,Stayed Cookie
1,0,4,43,5,0.4000000059604645,1,1,40,4,2,3,2,0,0,0,0,6,0,4,0,1,1,1,0,0,0,0,0,0,0.4000000059604645,Not Changed,Stayed Grape
0,0,1,35,5,0,0,1,35,4,3,3,2,1,1,0,1,2,1,1,0,1,1,1,0,0,0,0,1,0,0,Cookie to Grape,Changed
0,0,6,244,5,0,0,1,259,24,3,3,2,1,1,0,1,2,1,6,0,1,1,1,1,0,0,0,1,0,0,Cookie to Grape,Changed
0,0,6,244,5,0,1,0,259,24,2,3,2,-1,0,1,0,2,0,6,0,1,1,1,1,0,1,0,1,0,0,Grape to Cookie,Changed
0,0,4,96,5,0.4000000059604645,1,1,104,9,2,2,2,0,0,0,0,5,0,4,1,0,1,1,0,0,1,1,1,0,0.4000000059604645,Not Changed,Stayed Grape
1,0,1,116,5,0.6000000238418579,1,1,98,8,3,2,2,0,0,0,1,6,1,1,1,0,1,1,0,0,1,1,1,1,0.4000000059604645,Not Changed,Stayed Grape
1,0,4,2,5,0.4000000059604645,1,0,20,3,2,3,2,-1,0,1,0,6,0,4,0,1,1,1,0,0,1,0,0,0,0.4000000059604645,Grape to Cookie,Changed
1,0,4,227,5,1,1,1,229,20,2,3,2,0,0,0,0,8,0,4,0,1,1,1,0,0,0,0,0,0,0.800000011920929,Not Changed,Stayed Grape
0,0,1,181,5,0,1,1,181,16,3,3,2,0,0,0,1,2,1,1,0,1,1,1,0,0,1,0,0,0,0,Not Changed,Stayed Grape
1,0,5,103,5,1,1,1,107,9,2,3,2,0,0,0,0,8,0,5,0,1,1,1,1,1,0,0,0,0,0.6000000238418579,Not Changed,Stayed Grape
0,0,3,263,5,0.4000000059604645,0,0,250,23,2,3,2,0,0,0,0,5,0,3,0,1,1,1,0,1,0,0,0,0,0.4000000059604645,Not Changed,Stayed Cookie
1,0,2,204,5,1,0,0,191,16,2,3,2,0,0,0,0,8,0,2,0,1,1,1,0,0,0,0,0,0,0.800000011920929,Not Changed,Stayed Cookie
1,0,4,258,5,1,1,0,264,24,3,3,2,-1,0,1,1,8,1,4,0,1,1,1,0,1,0,0,0,0,1,Grape to Cookie,Changed
1,0,7,59,5,1,1,1,60,5,2,3,2,0,0,0,0,8,0,7,0,1,1,1,1,1,0,0,0,0,0.6000000238418579,Not Changed,Stayed Grape
0,0,3,211,5,0,0,0,211,19,2,2,2,0,0,0,0,2,0,3,1,0,1,1,0,1,0,0,0,0,0,Not Changed,Stayed Cookie
0,0,3,263,5,0.4000000059604645,0,0,250,23,2,2,2,0,0,0,0,5,0,3,1,0,1,1,0,0,1,1,1,1,0.4000000059604645,Not Changed,Stayed Cookie
0,0,2,35,5,0,1,1,35,4,3,3,2,0,0,0,1,2,1,2,0,1,1,1,0,0,1,0,0,0,0,Not Changed,Stayed Grape
1,0,4,143,5,1,1,1,143,12,3,3,2,0,0,0,1,8,1,4,0,1,1,1,0,1,0,0,0,0,1,Not Changed,Stayed Grape
0,0,4,35,5,0,0,1,35,4,3,3,2,1,1,0,1,2,1,4,0,1,1,1,0,0,1,0,0,0,0,Cookie to Grape,Changed
0,0,8,134,5,0,0,1,148,13,3,2,2,1,1,0,1,2,1,8,1,0,1,1,1,1,0,0,0,0,0,Cookie to Grape,Changed
1,0,1,22,5,1,0,0,5,1,2,3,2,0,0,0,0,8,0,1,0,1,1,1,0,0,1,1,1,1,0.800000011920929,Not Changed,Stayed Cookie
0,0,4,96,5,0.4000000059604645,0,0,104,9,2,2,2,0,0,0,0,5,0,4,1,0,1,1,0,0,1,0,1,0,0.4000000059604645,Not Changed,Stayed Cookie
1,0,1,22,5,1,0,0,5,1,2,3,2,0,0,0,0,8,0,1,0,1,1,1,0,0,0,0,0,0,0.800000011920929,Not Changed,Stayed Cookie
1,0,1,116,5,0.6000000238418579,1,1,98,8,2,3,2,0,0,0,0,6,0,1,0,1,1,1,0,0,0,0,0,0,0.20000000298023224,Not Changed,Stayed Grape
1,0,4,2,5,0.4000000059604645,1,1,20,3,2,6,2,0,0,0,0,6,0,4,0,0,1,1,0,0,1,1,0,0,0.4000000059604645,Not Changed,Stayed Grape
1,0,1,14,5,1,1,1,2,1,3,3,2,0,0,0,1,8,1,1,0,1,1,1,0,0,1,1,0,0,0.800000011920929,Not Changed,Stayed Grape
1,0,8,21,5,0.6000000238418579,1,1,30,3,3,3,2,0,0,0,1,6,1,8,0,1,1,1,1,0,1,1,1,1,0.6000000238418579,Not Changed,Stayed Grape
0,0,6,130,5,0,1,1,130,10,2,2,2,0,0,0,0,2,0,6,1,0,1,1,1,0,1,0,0,0,0,Not Changed,Stayed Grape
1,0,1,147,5,0.6000000238418579,1,1,136,11,3,2,3,0,0,0,1,6,1,1,1,0,0,1,0,0,1,1,1,1,0.4000000059604645,Not Changed,Stayed Grape
1,0,4,258,5,1,1,1,264,24,3,3,2,0,0,0,1,8,1,4,0,1,1,1,0,1,0,0,0,0,1,Not Changed,Stayed Grape
1,0,1,22,5,1,0,0,5,1,2,3,3,0,0,0,0,8,0,1,0,1,0,1,0,0,1,1,0,0,0.800000011920929,Not Changed,Stayed Cookie
1,0,4,96,5,0.4000000059604645,1,1,104,9,2,3,2,0,0,0,0,6,0,4,0,1,1,1,0,0,1,0,1,1,0.4000000059604645,Not Changed,Stayed Grape
1,0,6,51,5,1,1,1,55,5,2,2,2,0,0,0,0,8,0,6,1,0,1,1,1,0,1,1,0,0,0.6000000238418579,Not Changed,Stayed Grape
0,0,1,181,5,0,0,1,181,16,3,3,2,1,1,0,1,2,1,1,0,1,1,1,0,0,1,0,0,0,0,Cookie to Grape,Changed
1,0,1,14,5,1,1,1,2,1,2,3,2,0,0,0,0,8,0,1,0,1,1,1,0,0,0,0,1,1,0.20000000298023224,Not Changed,Stayed Grape
1,0,8,59,5,1,1,1,60,5,3,3,2,0,0,0,1,8,1,8,0,1,1,1,1,1,0,0,0,0,0.4000000059604645,Not Changed,Stayed Grape
0,0,3,65,5,0.20000000298023224,0,0,63,6,3,3,2,0,0,0,1,5,1,3,0,1,1,1,0,1,0,0,0,0,0.20000000298023224,Not Changed,Stayed Cookie
1,0,6,51,5,1,1,0,55,5,2,3,3,-1,0,1,0,8,0,6,0,1,0,1,1,1,0,0,0,0,0.6000000238418579,Grape to Cookie,Changed
0,0,6,244,5,0,1,0,259,24,2,2,2,-1,0,1,0,2,0,6,1,0,1,1,1,0,1,0,1,0,0,Grape to Cookie,Changed
0,0,8,23,5,0.4000000059604645,1,1,31,3,3,3,2,0,0,0,1,5,1,8,0,1,1,1,1,1,0,0,0,0,0.4000000059604645,Not Changed,Stayed Grape
1,0,3,64,5,0.4000000059604645,0,0,62,6,3,3,2,0,0,0,1,6,1,3,0,1,1,1,0,1,0,0,0,0,0.4000000059604645,Not Changed,Stayed Cookie
0,0,8,134,5,0,0,0,148,13,3,3,2,0,0,0,1,2,1,8,0,1,1,1,1,0,0,0,1,0,0,Not Changed,Stayed Cookie
1,0,4,143,5,1,1,1,143,12,3,3,2,0,0,0,1,8,1,4,0,1,1,1,0,0,1,1,0,0,1,Not Changed,Stayed Grape
1,0,5,227,5,1,1,1,229,20,2,2,2,0,0,0,0,8,0,5,1,0,1,1,1,0,0,0,1,1,0.800000011920929,Not Changed,Stayed Grape
0,0,8,134,5,0,1,1,148,13,3,2,2,0,0,0,1,2,1,8,1,0,1,1,1,0,0,0,1,0,0,Not Changed,Stayed Grape
1,0,1,147,5,0.6000000238418579,1,1,136,11,2,2,2,0,0,0,0,6,0,1,1,0,1,1,0,0,0,0,1,1,0.20000000298023224,Not Changed,Stayed Grape
0,0,0,211,5,0,0,0,211,19,2,2,2,0,0,0,0,2,0,0,1,0,1,1,0,1,0,0,0,0,0,Not Changed,Stayed Cookie
0,0,8,23,5,0.4000000059604645,0,0,31,3,2,3,2,0,0,0,0,5,0,8,0,1,1,1,1,1,0,0,0,0,0,Not Changed,Stayed Cookie
1,0,3,220,5,1,1,1,215,19,3,2,2,0,0,0,1,8,1,3,1,0,1,1,0,0,1,1,0,0,0.4000000059604645,Not Changed,Stayed Grape
1,0,4,258,5,1,1,0,264,24,3,2,2,-1,0,1,1,8,1,4,1,0,1,1,0,1,0,0,0,0,1,Grape to Cookie,Changed
0,0,8,284,5,0.20000000298023224,0,0,284,25,3,2,2,0,0,0,1,5,1,8,1,0,1,1,1,1,0,0,0,0,0.20000000298023224,Not Changed,Stayed Cookie
0,0,6,244,5,0,1,1,259,24,2,3,2,0,0,0,0,2,0,6,0,1,1,1,1,0,1,0,1,0,0,Not Changed,Stayed Grape
0,0,3,64,5,0.4000000059604645,0,0,62,6,3,4,3,0,0,0,1,5,1,3,0,0,0,1,0,1,0,0,0,0,0.4000000059604645,Not Changed,Stayed Cookie
1,0,5,103,5,1,1,1,107,9,3,3,2,0,0,0,1,8,1,5,0,1,1,1,1,0,1,1,1,1,0.4000000059604645,Not Changed,Stayed Grape
0,0,8,284,5,0.20000000298023224,0,0,284,25,3,3,2,0,0,0,1,5,1,8,0,1,1,1,1,1,0,0,0,0,0.20000000298023224,Not Changed,Stayed Cookie
0,0,1,149,5,0.4000000059604645,1,1,137,11,2,2,3,0,0,0,0,5,0,1,1,0,0,1,0,0,0,0,0,0,0.20000000298023224,Not Changed,Stayed Grape
1,0,1,75,5,0.4000000059604645,1,1,68,6,3,3,2,0,0,0,1,6,1,1,0,1,1,1,0,0,1,0,0,0,0.20000000298023224,Not Changed,Stayed Grape
1,0,1,116,5,0.6000000238418579,1,1,98,8,3,3,2,0,0,0,1,6,1,1,0,1,1,1,0,0,1,0,1,1,0.4000000059604645,Not Changed,Stayed Grape
1,0,1,75,5,0.4000000059604645,1,1,68,6,2,3,2,0,0,0,0,6,0,1,0,1,1,1,0,0,1,0,0,0,0.20000000298023224,Not Changed,Stayed Grape
1,0,2,204,5,1,0,0,191,16,2,3,2,0,0,0,0,8,0,2,0,1,1,1,0,0,0,0,0,0,0.800000011920929,Not Changed,Stayed Cookie
0,0,3,69,5,0,1,1,65,6,2,3,2,0,0,0,0,2,0,3,0,1,1,1,0,1,0,0,0,0,0,Not Changed,Stayed Grape
0,0,1,75,5,0.4000000059604645,0,1,68,6,2,3,2,1,1,0,0,5,0,1,0,1,1,1,0,0,1,1,1,0,0.20000000298023224,Cookie to Grape,Changed
0,0,4,2,5,0.4000000059604645,1,1,20,3,3,3,2,0,0,0,1,5,1,4,0,1,1,1,0,0,0,0,0,0,0,Not Changed,Stayed Grape
1,0,5,103,5,1,1,1,107,9,3,3,2,0,0,0,1,8,1,5,0,1,1,1,1,0,1,1,0,0,0.4000000059604645,Not Changed,Stayed Grape
1,0,8,102,5,0.4000000059604645,1,1,120,10,2,2,2,0,0,0,0,6,0,8,1,0,1,1,1,1,0,0,0,0,0.4000000059604645,Not Changed,Stayed Grape
0,0,3,64,5,0.4000000059604645,1,1,62,6,3,3,2,0,0,0,1,5,1,3,0,1,1,1,0,1,0,0,0,0,0.4000000059604645,Not Changed,Stayed Grape
1,0,1,22,5,1,0,0,5,1,3,3,2,0,0,0,1,8,1,1,0,1,1,1,0,0,0,0,1,1,0.20000000298023224,Not Changed,Stayed Cookie
1,0,1,147,5,0.6000000238418579,0,1,136,11,3,3,2,1,1,0,1,6,1,1,0,1,1,1,0,0,1,1,1,1,0.4000000059604645,Cookie to Grape,Changed
1,0,5,103,5,1,1,1,107,9,2,3,2,0,0,0,0,8,0,5,0,1,1,1,1,0,1,1,0,0,0.6000000238418579,Not Changed,Stayed Grape
0,0,6,124,5,0,0,0,128,10,2,3,2,0,0,0,0,2,0,6,0,1,1,1,1,0,1,0,0,0,0,Not Changed,Stayed Cookie
0,0,6,130,5,0,1,1,130,10,2,3,2,0,0,0,0,2,0,6,0,1,1,1,1,0,1,0,0,0,0,Not Changed,Stayed Grape
1,0,4,143,5,1,1,1,143,12,3,2,2,0,0,0,1,8,1,4,1,0,1,1,0,0,0,0,0,0,1,Not Changed,Stayed Grape
0,0,8,134,5,0,0,1,148,13,2,2,2,1,1,0,0,2,0,8,1,0,1,1,1,1,0,0,0,0,0,Cookie to Grape,Changed
1,0,4,96,5,0.4000000059604645,1,1,104,9,2,2,2,0,0,0,0,6,0,4,1,0,1,1,0,0,1,0,1,0,0.4000000059604645,Not Changed,Stayed Grape
1,0,8,23,5,0.4000000059604645,1,1,31,3,3,3,2,0,0,0,1,6,1,8,0,1,1,1,1,1,0,0,0,0,0.4000000059604645,Not Changed,Stayed Grape
0,0,8,284,5,0.20000000298023224,0,0,284,25,3,3,2,0,0,0,1,5,1,8,0,1,1,1,1,0,1,0,1,0,0.20000000298023224,Not Changed,Stayed Cookie
1,0,1,14,5,1,1,0,2,1,3,3,2,-1,0,1,1,8,1,1,0,1,1,1,0,0,0,0,0,0,0.800000011920929,Grape to Cookie,Changed
1,0,3,65,5,0.20000000298023224,1,1,63,6,3,3,3,0,0,0,1,6,1,3,0,1,0,1,0,1,0,0,0,0,0.20000000298023224,Not Changed,Stayed Grape
1,0,1,22,5,1,0,0,5,1,2,3,2,0,0,0,0,8,0,1,0,1,1,1,0,0,0,0,0,0,0.800000011920929,Not Changed,Stayed Cookie
1,0,4,43,5,0.4000000059604645,1,0,40,4,2,3,2,-1,0,1,0,6,0,4,0,1,1,1,0,0,0,0,0,0,0.4000000059604645,Grape to Cookie,Changed
0,0,1,147,5,0.6000000238418579,1,1,136,11,3,2,2,0,0,0,1,5,1,1,1,0,1,1,0,0,1,1,1,1,0.4000000059604645,Not Changed,Stayed Grape
0,0,3,69,5,0,0,0,65,6,2,3,4,0,0,0,0,2,0,3,0,1,0,1,0,1,0,0,0,0,0,Not Changed,Stayed Cookie
1,0,4,227,5,1,1,0,229,20,3,2,2,-1,0,1,1,8,1,4,1,0,1,1,0,1,0,0,0,0,0.20000000298023224,Grape to Cookie,Changed
1,0,3,64,5,0.4000000059604645,0,1,62,6,3,3,2,1,1,0,1,6,1,3,0,1,1,1,0,1,0,0,0,0,0.4000000059604645,Cookie to Grape,Changed
0,0,6,130,5,0,1,1,130,10,2,3,2,0,0,0,0,2,0,6,0,1,1,1,1,0,1,0,0,0,0,Not Changed,Stayed Grape
1,0,8,102,5,0.4000000059604645,1,1,120,10,2,2,2,0,0,0,0,6,0,8,1,0,1,1,1,0,1,1,1,1,0.4000000059604645,Not Changed,Stayed Grape
0,0,6,244,5,0,1,0,259,24,2,3,2,-1,0,1,0,2,0,6,0,1,1,1,1,0,1,0,1,0,0,Grape to Cookie,Changed
0,0,8,102,5,0.4000000059604645,0,0,120,10,2,2,2,0,0,0,0,5,0,8,1,0,1,1,1,0,1,1,1,0,0.4000000059604645,Not Changed,Stayed Cookie
0,0,6,124,5,0,0,0,128,10,2,2,2,0,0,0,0,2,0,6,1,0,1,1,1,0,1,0,0,0,0,Not Changed,Stayed Cookie
1,0,0,220,5,1,1,1,215,19,2,3,2,0,0,0,0,8,0,0,0,1,1,1,0,1,0,0,0,0,0.6000000238418579,Not Changed,Stayed Grape
1,0,8,23,5,0.4000000059604645,1,1,31,3,3,3,2,0,0,0,1,6,1,8,0,1,1,1,1,1,0,0,0,0,0.4000000059604645,Not Changed,Stayed Grape
0,0,3,69,5,0,0,0,65,6,3,2,2,0,0,0,1,2,1,3,1,0,1,1,0,1,0,0,0,0,0,Not Changed,Stayed Cookie
1,0,4,143,5,1,1,1,143,12,3,3,2,0,0,0,1,8,1,4,0,1,1,1,0,0,1,1,1,1,1,Not Changed,Stayed Grape
1,0,8,59,5,1,1,1,60,5,3,3,2,0,0,0,1,8,1,8,0,1,1,1,1,1,0,0,0,0,0.4000000059604645,Not Changed,Stayed Grape
0,0,1,149,5,0.4000000059604645,1,0,137,11,2,2,2,-1,0,1,0,5,0,1,1,0,1,1,0,0,0,0,1,0,0.20000000298023224,Grape to Cookie,Changed
1,0,1,149,5,0.4000000059604645,1,1,137,11,2,2,2,0,0,0,0,6,0,1,1,0,1,1,0,0,1,0,0,0,0.20000000298023224,Not Changed,Stayed Grape
1,0,4,258,5,1,1,1,264,24,3,3,2,0,0,0,1,8,1,4,0,1,1,1,0,1,0,0,0,0,1,Not Changed,Stayed Grape
1,0,3,263,5,0.4000000059604645,1,0,250,23,2,2,2,-1,0,1,0,6,0,3,1,0,1,1,0,0,1,0,1,1,0.4000000059604645,Grape to Cookie,Changed
0,0,3,263,5,0.4000000059604645,0,0,250,23,2,3,2,0,0,0,0,5,0,3,0,1,1,1,0,0,0,0,0,0,0.4000000059604645,Not Changed,Stayed Cookie
0,0,0,211,5,0,0,0,211,19,3,3,2,0,0,0,1,2,1,0,0,1,1,1,0,1,0,0,0,0,0,Not Changed,Stayed Cookie
1,0,2,204,5,1,0,0,191,16,2,3,2,0,0,0,0,8,0,2,0,1,1,1,0,1,0,0,0,0,0.800000011920929,Not Changed,Stayed Cookie
0,0,3,64,5,0.4000000059604645,1,1,62,6,2,3,3,0,0,0,0,5,0,3,0,1,0,1,0,1,0,0,0,0,0,Not Changed,Stayed Grape
0,0,4,2,5,0.4000000059604645,0,0,20,3,2,2,2,0,0,0,0,5,0,4,1,0,1,1,0,0,1,0,0,0,0.4000000059604645,Not Changed,Stayed Cookie
0,0,8,134,5,0,0,1,148,13,2,2,2,1,1,0,0,2,0,8,1,0,1,1,1,0,0,0,0,0,0,Cookie to Grape,Changed
0,0,4,35,5,0,0,0,35,4,3,3,2,0,0,0,1,2,1,4,0,1,1,1,0,0,0,0,1,0,0,Not Changed,Stayed Cookie
0,0,8,181,5,0,1,1,181,16,2,2,2,0,0,0,0,2,0,8,1,0,1,1,1,0,0,0,0,0,0,Not Changed,Stayed Grape
1,0,7,59,5,1,1,1,60,5,2,3,2,0,0,0,0,8,0,7,0,1,1,1,1,0,1,1,0,0,0.6000000238418579,Not Changed,Stayed Grape
1,0,1,220,5,1,0,0,215,19,2,2,2,0,0,0,0,8,0,1,1,0,1,1,0,0,0,0,0,0,0.6000000238418579,Not Changed,Stayed Cookie
0,0,8,21,5,0.6000000238418579,1,1,30,3,2,3,2,0,0,0,0,5,0,8,0,1,1,1,1,1,0,0,0,0,0,Not Changed,Stayed Grape
0,0,1,75,5,0.4000000059604645,1,1,68,6,2,3,2,0,0,0,0,5,0,1,0,1,1,1,0,0,1,0,1,0,0.20000000298023224,Not Changed,Stayed Grape
1,0,8,284,5,0.20000000298023224,0,0,284,25,3,2,2,0,0,0,1,6,1,8,1,0,1,1,1,1,0,0,0,0,0.20000000298023224,Not Changed,Stayed Cookie
1,0,0,136,6,0.6666666865348816,1,0,133,11,3,3,2,-1,0,1,1,6,1,0,0,1,1,1,0,1,0,0,0,0,0.5,Grape to Cookie,Changed
0,0,2,82,6,0.5,0,0,72,6,3,3,2,0,0,0,1,5,1,2,0,1,1,1,0,1,0,0,0,0,0.3333333432674408,Not Changed,Stayed Cookie
0,0,3,243,6,0.3333333432674408,0,1,245,23,3,3,2,1,1,0,1,5,1,3,0,1,1,1,0,0,1,0,0,0,0,Cookie to Grape,Changed
0,0,7,261,6,0.6666666865348816,0,0,278,25,2,3,2,0,0,0,0,5,0,7,0,1,1,1,1,1,0,0,0,0,0.5,Not Changed,Stayed Cookie
1,0,0,254,6,0.6666666865348816,1,1,240,22,2,3,2,0,0,0,0,6,0,0,0,1,1,1,0,1,0,0,0,0,0.3333333432674408,Not Changed,Stayed Grape
1,0,2,135,6,0.5,1,1,132,11,2,2,2,0,0,0,0,6,0,2,1,0,1,1,0,0,1,0,1,1,0.3333333432674408,Not Changed,Stayed Grape
1,0,7,97,6,0.1666666716337204,0,1,118,10,2,2,2,1,1,0,0,6,0,7,1,0,1,1,1,1,0,0,0,0,0.1666666716337204,Cookie to Grape,Changed
1,0,1,193,6,0.6666666865348816,1,1,187,16,3,3,2,0,0,0,1,6,1,1,0,1,1,1,0,0,1,1,1,1,0.6666666865348816,Not Changed,Stayed Grape
0,0,1,193,6,0.6666666865348816,0,0,187,16,3,3,2,0,0,0,1,5,1,1,0,1,1,1,0,0,1,1,1,1,0.6666666865348816,Not Changed,Stayed Cookie
1,0,1,193,6,0.6666666865348816,1,1,187,16,3,3,2,0,0,0,1,6,1,1,0,1,1,1,0,0,1,1,1,1,0.6666666865348816,Not Changed,Stayed Grape
1,0,1,177,6,1,1,0,170,14,3,2,2,-1,0,1,1,8,1,1,1,0,1,1,0,1,0,0,0,0,0.5,Grape to Cookie,Changed
1,0,1,195,6,0.6666666865348816,0,1,188,16,2,3,2,1,1,0,0,6,0,1,0,1,1,1,0,0,0,0,0,0,0.1666666716337204,Cookie to Grape,Changed
0,0,2,186,6,0,1,1,185,16,3,3,2,0,0,0,1,2,1,2,0,1,1,1,0,0,1,0,1,0,0,Not Changed,Stayed Grape
1,0,1,76,6,0.3333333432674408,1,1,69,6,3,2,2,0,0,0,1,6,1,1,1,0,1,1,0,1,0,0,0,0,0.3333333432674408,Not Changed,Stayed Grape
1,0,4,44,6,0.1666666716337204,1,1,41,4,3,4,2,0,0,0,1,6,1,4,0,0,1,1,0,0,0,0,0,0,0.1666666716337204,Not Changed,Stayed Grape
1,0,5,38,6,0.6666666865348816,0,0,50,5,3,3,2,0,0,0,1,6,1,5,0,1,1,1,1,0,0,0,0,0,0.5,Not Changed,Stayed Cookie
0,0,7,97,6,0.1666666716337204,1,1,118,10,2,3,3,0,0,0,0,5,0,7,0,1,0,1,1,0,0,0,0,0,0.1666666716337204,Not Changed,Stayed Grape
1,0,3,215,6,0.5,0,1,213,19,3,2,2,1,1,0,1,6,1,3,1,0,1,1,0,0,0,0,1,1,0.1666666716337204,Cookie to Grape,Changed
1,0,6,95,6,1,0,0,117,10,3,2,2,0,0,0,1,8,1,6,1,0,1,1,1,0,1,1,1,1,1,Not Changed,Stayed Cookie
0,0,6,122,6,0,1,1,127,10,2,3,2,0,0,0,0,2,0,6,0,1,1,1,1,1,0,0,0,0,0,Not Changed,Stayed Grape
1,0,5,121,6,0.1666666716337204,1,1,113,9,3,2,2,0,0,0,1,6,1,5,1,0,1,1,1,0,1,0,1,0,0.1666666716337204,Not Changed,Stayed Grape
0,0,1,257,6,0.3333333432674408,1,1,248,23,2,3,2,0,0,0,0,5,0,1,0,1,1,1,0,0,1,1,0,0,0.3333333432674408,Not Changed,Stayed Grape
0,0,3,33,6,0,1,1,19,2,2,3,2,0,0,0,0,2,0,3,0,1,1,1,0,0,0,0,1,0,0,Not Changed,Stayed Grape
1,0,1,215,6,0.5,1,1,213,19,2,2,2,0,0,0,0,6,0,1,1,0,1,1,0,0,0,0,1,1,0.3333333432674408,Not Changed,Stayed Grape
0,0,8,241,6,0.6666666865348816,1,1,271,25,2,2,2,0,0,0,0,5,0,8,1,0,1,1,1,0,0,0,0,0,0.6666666865348816,Not Changed,Stayed Grape
0,0,3,119,6,0,0,0,112,9,3,3,2,0,0,0,1,2,1,3,0,1,1,1,0,0,1,0,0,0,0,Not Changed,Stayed Cookie
0,0,0,166,6,0.5,1,0,165,14,3,2,2,-1,0,1,1,5,1,0,1,0,1,1,0,1,0,0,0,0,0.5,Grape to Cookie,Changed
1,0,0,166,6,0.5,1,1,165,14,3,2,2,0,0,0,1,6,1,0,1,0,1,1,0,1,0,0,0,0,0.5,Not Changed,Stayed Grape
0,0,6,122,6,0,0,0,127,10,2,3,2,0,0,0,0,2,0,6,0,1,1,1,1,0,1,0,1,0,0,Not Changed,Stayed Cookie
1,0,1,193,6,0.6666666865348816,1,1,187,16,3,3,2,0,0,0,1,6,1,1,0,1,1,1,0,0,1,1,0,0,0.6666666865348816,Not Changed,Stayed Grape
1,0,0,166,6,0.5,1,1,165,14,3,2,2,0,0,0,1,6,1,0,1,0,1,1,0,1,0,0,0,0,0.5,Not Changed,Stayed Grape
1,0,6,95,6,1,0,0,117,10,3,3,2,0,0,0,1,8,1,6,0,1,1,1,1,0,1,1,1,1,1,Not Changed,Stayed Cookie
0,0,6,6,6,0,1,1,22,3,3,3,2,0,0,0,1,2,1,6,0,1,1,1,1,0,1,0,1,0,0,Not Changed,Stayed Grape
0,0,4,196,6,0,1,1,197,17,2,3,2,0,0,0,0,2,0,4,0,1,1,1,0,0,1,0,0,0,0,Not Changed,Stayed Grape
0,0,4,44,6,0.1666666716337204,1,1,41,4,3,3,2,0,0,0,1,5,1,4,0,1,1,1,0,0,0,0,0,0,0.1666666716337204,Not Changed,Stayed Grape
1,0,8,241,6,0.6666666865348816,0,0,271,25,2,3,2,0,0,0,0,6,0,8,0,1,1,1,1,0,1,1,0,0,0.6666666865348816,Not Changed,Stayed Cookie
0,0,3,48,6,0,0,0,44,4,2,3,2,0,0,0,0,2,0,3,0,1,1,1,0,0,1,0,1,0,0,Not Changed,Stayed Cookie
1,0,0,166,6,0.5,1,1,165,14,3,2,2,0,0,0,1,6,1,0,1,0,1,1,0,1,0,0,0,0,0.5,Not Changed,Stayed Grape
0,0,2,82,6,0.5,0,0,72,6,3,6,3,0,0,0,1,5,1,2,0,0,0,1,0,1,0,0,0,0,0.3333333432674408,Not Changed,Stayed Cookie
1,0,7,68,6,1,1,1,79,7,3,3,2,0,0,0,1,8,1,7,0,1,1,1,1,0,1,1,1,1,0.8333333134651184,Not Changed,Stayed Grape
1,0,2,135,6,0.5,0,0,132,11,2,3,2,0,0,0,0,6,0,2,0,1,1,1,0,0,1,1,1,0,0.3333333432674408,Not Changed,Stayed Cookie
1,0,0,141,6,1,0,0,134,11,2,3,2,0,0,0,0,8,0,0,0,1,1,1,0,1,0,0,0,0,0.6666666865348816,Not Changed,Stayed Cookie
0,0,8,241,6,0.6666666865348816,1,1,271,25,2,3,2,0,0,0,0,5,0,8,0,1,1,1,1,0,0,0,0,0,0.6666666865348816,Not Changed,Stayed Grape
0,0,6,122,6,0,0,0,127,10,2,4,2,0,0,0,0,2,0,6,0,0,1,1,1,0,1,0,0,0,0,Not Changed,Stayed Cookie
0,0,2,186,6,0,0,0,185,16,3,2,2,0,0,0,1,2,1,2,1,0,1,1,0,0,1,0,1,0,0,Not Changed,Stayed Cookie
1,0,0,141,6,1,1,1,134,11,2,2,2,0,0,0,0,8,0,0,1,0,1,1,0,1,0,0,0,0,0.6666666865348816,Not Changed,Stayed Grape
0,0,6,122,6,0,0,1,127,10,2,3,2,1,1,0,0,2,0,6,0,1,1,1,1,0,1,0,0,0,0,Cookie to Grape,Changed
0,0,0,166,6,0.5,1,0,165,14,2,2,2,-1,0,1,0,5,0,0,1,0,1,1,0,1,0,0,0,0,0,Grape to Cookie,Changed
0,0,7,97,6,0.1666666716337204,1,1,118,10,2,3,2,0,0,0,0,5,0,7,0,1,1,1,1,0,0,0,0,0,0.1666666716337204,Not Changed,Stayed Grape
1,0,0,141,6,1,0,0,134,11,2,2,2,0,0,0,0,8,0,0,1,0,1,1,0,1,0,0,0,0,0.6666666865348816,Not Changed,Stayed Cookie
0,0,1,44,6,0.1666666716337204,1,1,41,4,3,3,2,0,0,0,1,5,1,1,0,1,1,1,0,0,1,0,1,0,0.1666666716337204,Not Changed,Stayed Grape
0,0,7,66,6,0.6666666865348816,0,0,78,7,2,3,3,0,0,0,0,5,0,7,0,1,0,1,1,0,1,1,0,0,0.5,Not Changed,Stayed Cookie
0,0,6,6,6,0,1,1,22,3,3,3,2,0,0,0,1,2,1,6,0,1,1,1,1,0,1,0,0,0,0,Not Changed,Stayed Grape
0,0,4,196,6,0,0,0,197,17,2,3,2,0,0,0,0,2,0,4,0,1,1,1,0,0,1,0,0,0,0,Not Changed,Stayed Cookie
0,0,0,136,6,0.6666666865348816,1,1,133,11,3,2,2,0,0,0,1,5,1,0,1,0,1,1,0,1,0,0,0,0,0.5,Not Changed,Stayed Grape
1,0,0,254,6,0.6666666865348816,1,1,240,22,3,2,2,0,0,0,1,6,1,0,1,0,1,1,0,1,0,0,0,0,0.3333333432674408,Not Changed,Stayed Grape
1,0,5,38,6,0.6666666865348816,1,1,50,5,3,3,2,0,0,0,1,6,1,5,0,1,1,1,1,1,0,0,0,0,0.5,Not Changed,Stayed Grape
1,0,6,95,6,1,0,0,117,10,3,2,2,0,0,0,1,8,1,6,1,0,1,1,1,1,0,0,0,0,1,Not Changed,Stayed Cookie
0,0,2,135,6,0.5,0,0,132,11,2,2,2,0,0,0,0,5,0,2,1,0,1,1,0,0,1,1,1,0,0.3333333432674408,Not Changed,Stayed Cookie
1,0,7,68,6,1,1,1,79,7,3,2,2,0,0,0,1,8,1,7,1,0,1,1,1,1,0,0,0,0,0.8333333134651184,Not Changed,Stayed Grape
0,0,5,121,6,0.1666666716337204,1,1,113,9,3,3,2,0,0,0,1,5,1,5,0,1,1,1,1,0,1,0,1,0,0.1666666716337204,Not Changed,Stayed Grape
0,0,8,83,6,0.6666666865348816,1,1,86,7,2,3,2,0,0,0,0,5,0,8,0,1,1,1,1,0,1,1,0,0,0.6666666865348816,Not Changed,Stayed Grape
1,0,3,243,6,0.3333333432674408,0,0,245,23,2,3,2,0,0,0,0,6,0,3,0,1,1,1,0,0,1,0,0,0,0.3333333432674408,Not Changed,Stayed Cookie
0,0,1,215,6,0.5,0,0,213,19,2,2,2,0,0,0,0,5,0,1,1,0,1,1,0,0,0,0,0,0,0.3333333432674408,Not Changed,Stayed Cookie
0,0,7,97,6,0.1666666716337204,0,0,118,10,2,2,2,0,0,0,0,5,0,7,1,0,1,1,1,0,1,1,0,0,0.1666666716337204,Not Changed,Stayed Cookie
1,0,7,68,6,1,1,1,79,7,3,3,3,0,0,0,1,8,1,7,0,1,0,1,1,1,0,0,0,0,0.8333333134651184,Not Changed,Stayed Grape
1,0,7,261,6,0.6666666865348816,1,1,278,25,2,3,2,0,0,0,0,6,0,7,0,1,1,1,1,0,1,1,1,0,0.5,Not Changed,Stayed Grape
1,0,1,257,6,0.3333333432674408,1,1,248,23,2,2,2,0,0,0,0,6,0,1,1,0,1,1,0,0,0,0,1,0,0.3333333432674408,Not Changed,Stayed Grape
0,0,7,261,6,0.6666666865348816,0,0,278,25,2,3,2,0,0,0,0,5,0,7,0,1,1,1,1,0,1,1,1,0,0.5,Not Changed,Stayed Cookie
1,0,2,135,6,0.5,0,0,132,11,3,2,2,0,0,0,1,6,1,2,1,0,1,1,0,0,1,0,1,1,0.1666666716337204,Not Changed,Stayed Cookie
0,0,3,243,6,0.3333333432674408,1,1,245,23,2,3,2,0,0,0,0,5,0,3,0,1,1,1,0,1,0,0,0,0,0.3333333432674408,Not Changed,Stayed Grape
0,0,6,122,6,0,0,0,127,10,2,3,2,0,0,0,0,2,0,6,0,1,1,1,1,0,1,0,1,0,0,Not Changed,Stayed Cookie
0,0,3,33,6,0,0,0,19,2,3,3,2,0,0,0,1,2,1,3,0,1,1,1,0,0,1,0,0,0,0,Not Changed,Stayed Cookie
1,0,7,261,6,0.6666666865348816,1,1,278,25,3,3,2,0,0,0,1,6,1,7,0,1,1,1,1,1,0,0,0,0,0.1666666716337204,Not Changed,Stayed Grape
0,0,3,243,6,0.3333333432674408,0,0,245,23,2,3,2,0,0,0,0,5,0,3,0,1,1,1,0,0,1,1,0,0,0.3333333432674408,Not Changed,Stayed Cookie
1,0,8,83,6,0.6666666865348816,1,1,86,7,2,6,3,0,0,0,0,6,0,8,0,0,0,1,1,0,0,0,0,0,0.6666666865348816,Not Changed,Stayed Grape
0,0,0,254,6,0.6666666865348816,1,1,240,22,3,2,2,0,0,0,1,5,1,0,1,0,1,1,0,1,0,0,0,0,0.3333333432674408,Not Changed,Stayed Grape
0,0,6,6,6,0,1,1,22,3,3,3,4,0,0,0,1,2,1,6,0,1,0,1,1,0,0,0,1,0,0,Not Changed,Stayed Grape
0,0,3,48,6,0,1,1,44,4,3,3,2,0,0,0,1,2,1,3,0,1,1,1,0,0,0,0,0,0,0,Not Changed,Stayed Grape
1,0,0,254,6,0.6666666865348816,1,1,240,22,3,2,2,0,0,0,1,6,1,0,1,0,1,1,0,1,0,0,0,0,0.3333333432674408,Not Changed,Stayed Grape
0,0,1,76,6,0.3333333432674408,1,1,69,6,2,3,2,0,0,0,0,5,0,1,0,1,1,1,0,0,1,0,0,0,0,Not Changed,Stayed Grape
0,0,6,203,6,0.3333333432674408,1,1,207,18,2,3,2,0,0,0,0,5,0,6,0,1,1,1,1,0,0,0,0,0,0.3333333432674408,Not Changed,Stayed Grape
0,0,1,215,6,0.5,0,0,213,19,3,2,2,0,0,0,1,5,1,1,1,0,1,1,0,0,0,0,0,0,0.1666666716337204,Not Changed,Stayed Cookie
0,0,6,203,6,0.3333333432674408,0,0,207,18,2,2,2,0,0,0,0,5,0,6,1,0,1,1,1,0,1,0,0,0,0.3333333432674408,Not Changed,Stayed Cookie
0,0,6,203,6,0.3333333432674408,1,1,207,18,2,2,2,0,0,0,0,5,0,6,1,0,1,1,1,0,1,1,1,0,0.3333333432674408,Not Changed,Stayed Grape
1,0,8,241,6,0.6666666865348816,0,0,271,25,2,3,2,0,0,0,0,6,0,8,0,1,1,1,1,0,1,1,0,0,0.6666666865348816,Not Changed,Stayed Cookie
0,0,3,33,6,0,0,0,19,2,3,3,2,0,0,0,1,2,1,3,0,1,1,1,0,0,1,0,1,0,0,Not Changed,Stayed Cookie
0,0,4,196,6,0,1,1,197,17,2,3,2,0,0,0,0,2,0,4,0,1,1,1,0,0,1,0,0,0,0,Not Changed,Stayed Grape
1,0,1,257,6,0.3333333432674408,0,0,248,23,2,3,2,0,0,0,0,6,0,1,0,1,1,1,0,0,1,0,0,0,0.3333333432674408,Not Changed,Stayed Cookie
1,0,7,66,6,0.6666666865348816,1,1,78,7,3,3,2,0,0,0,1,6,1,7,0,1,1,1,1,1,0,0,0,0,0.1666666716337204,Not Changed,Stayed Grape
0,0,1,257,6,0.3333333432674408,0,1,248,23,2,2,2,1,1,0,0,5,0,1,1,0,1,1,0,0,1,1,0,0,0.3333333432674408,Cookie to Grape,Changed
0,0,2,135,6,0.5,1,1,132,11,2,3,2,0,0,0,0,5,0,2,0,1,1,1,0,0,1,0,1,0,0.3333333432674408,Not Changed,Stayed Grape
1,0,7,66,6,0.6666666865348816,1,1,78,7,2,2,4,0,0,0,0,6,0,7,1,0,0,1,1,0,1,0,1,0,0.5,Not Changed,Stayed Grape
0,0,1,76,6,0.3333333432674408,1,1,69,6,2,3,2,0,0,0,0,5,0,1,0,1,1,1,0,0,1,0,1,0,0,Not Changed,Stayed Grape
1,0,0,254,6,0.6666666865348816,1,1,240,22,2,2,2,0,0,0,0,6,0,0,1,0,1,1,0,1,0,0,0,0,0.3333333432674408,Not Changed,Stayed Grape
0,0,6,203,6,0.3333333432674408,1,1,207,18,2,3,2,0,0,0,0,5,0,6,0,1,1,1,1,0,1,0,0,0,0.3333333432674408,Not Changed,Stayed Grape
1,0,0,141,6,1,1,1,134,11,3,3,2,0,0,0,1,8,1,0,0,1,1,1,0,1,0,0,0,0,0.3333333432674408,Not Changed,Stayed Grape
0,0,4,196,6,0,1,1,197,17,2,3,4,0,0,0,0,2,0,4,0,1,0,1,0,0,1,0,0,0,0,Not Changed,Stayed Grape
1,0,7,68,6,1,1,1,79,7,3,3,2,0,0,0,1,8,1,7,0,1,1,1,1,1,0,0,0,0,0.8333333134651184,Not Changed,Stayed Grape
1,0,2,243,6,0.3333333432674408,1,1,245,23,2,2,2,0,0,0,0,6,0,2,1,0,1,1,0,0,0,0,0,0,0.3333333432674408,Not Changed,Stayed Grape
1,0,8,241,6,0.6666666865348816,1,1,271,25,2,3,2,0,0,0,0,6,0,8,0,1,1,1,1,1,0,0,0,0,0.6666666865348816,Not Changed,Stayed Grape
0,0,1,193,6,0.6666666865348816,1,1,187,16,3,2,4,0,0,0,1,5,1,1,1,0,0,1,0,0,1,1,0,0,0.6666666865348816,Not Changed,Stayed Grape
1,0,1,195,6,0.6666666865348816,0,1,188,16,3,6,2,1,1,0,1,6,1,1,0,0,1,1,0,0,1,1,1,1,0.5,Cookie to Grape,Changed
1,0,7,261,6,0.6666666865348816,1,1,278,25,2,3,2,0,0,0,0,6,0,7,0,1,1,1,1,0,1,1,1,0,0.5,Not Changed,Stayed Grape
1,0,1,195,6,0.6666666865348816,1,1,188,16,3,3,2,0,0,0,1,6,1,1,0,1,1,1,0,1,0,0,0,0,0.5,Not Changed,Stayed Grape
0,0,6,122,6,0,0,0,127,10,2,2,2,0,0,0,0,2,0,6,1,0,1,1,1,0,1,0,0,0,0,Not Changed,Stayed Cookie
0,0,0,136,6,0.6666666865348816,1,1,133,11,3,2,2,0,0,0,1,5,1,0,1,0,1,1,0,1,0,0,0,0,0.5,Not Changed,Stayed Grape
1,0,2,82,6,0.5,1,1,72,6,3,3,3,0,0,0,1,6,1,2,0,1,0,1,0,1,0,0,0,0,0.3333333432674408,Not Changed,Stayed Grape
0,0,2,186,6,0,1,1,185,16,3,2,2,0,0,0,1,2,1,2,1,0,1,1,0,1,0,0,0,0,0,Not Changed,Stayed Grape
0,0,2,186,6,0,1,1,185,16,3,3,2,0,0,0,1,2,1,2,0,1,1,1,0,0,1,0,1,0,0,Not Changed,Stayed Grape
0,0,3,33,6,0,0,0,19,2,3,3,2,0,0,0,1,2,1,3,0,1,1,1,0,0,1,0,0,0,0,Not Changed,Stayed Cookie
1,0,6,203,6,0.3333333432674408,1,1,207,18,2,2,2,0,0,0,0,6,0,6,1,0,1,1,1,0,1,1,1,0,0.3333333432674408,Not Changed,Stayed Grape
0,0,7,97,6,0.1666666716337204,0,0,118,10,2,2,2,0,0,0,0,5,0,7,1,0,1,1,1,1,0,0,0,0,0.1666666716337204,Not Changed,Stayed Cookie
0,0,6,50,6,0.5,1,1,54,5,3,4,2,0,0,0,1,5,1,6,0,0,1,1,1,0,1,1,1,0,0.5,Not Changed,Stayed Grape
0,0,1,195,6,0.6666666865348816,0,0,188,16,3,3,2,0,0,0,1,5,1,1,0,1,1,1,0,0,0,0,0,0,0.5,Not Changed,Stayed Cookie
1,0,7,66,6,0.6666666865348816,1,1,78,7,2,6,3,0,0,0,0,6,0,7,0,0,0,1,1,0,0,0,0,0,0.5,Not Changed,Stayed Grape
0,0,5,121,6,0.1666666716337204,1,1,113,9,3,3,2,0,0,0,1,5,1,5,0,1,1,1,1,0,1,1,1,0,0.1666666716337204,Not Changed,Stayed Grape
1,0,1,193,6,0.6666666865348816,1,0,187,16,3,3,2,-1,0,1,1,6,1,1,0,1,1,1,0,0,1,1,1,1,0.6666666865348816,Grape to Cookie,Changed
0,0,0,254,6,0.6666666865348816,1,1,240,22,3,3,2,0,0,0,1,5,1,0,0,1,1,1,0,1,0,0,0,0,0.3333333432674408,Not Changed,Stayed Grape
0,0,6,50,6,0.5,1,1,54,5,3,3,2,0,0,0,1,5,1,6,0,1,1,1,1,0,1,1,1,0,0.5,Not Changed,Stayed Grape
1,0,8,83,6,0.6666666865348816,0,0,86,7,2,3,2,0,0,0,0,6,0,8,0,1,1,1,1,1,0,0,0,0,0.6666666865348816,Not Changed,Stayed Cookie
1,0,2,82,6,0.5,1,1,72,6,3,3,2,0,0,0,1,6,1,2,0,1,1,1,0,1,0,0,0,0,0.3333333432674408,Not Changed,Stayed Grape
0,0,0,166,6,0.5,0,0,165,14,3,2,2,0,0,0,1,5,1,0,1,0,1,1,0,1,0,0,0,0,0.5,Not Changed,Stayed Cookie
0,0,3,119,6,0,0,0,112,9,3,3,2,0,0,0,1,2,1,3,0,1,1,1,0,0,1,0,1,0,0,Not Changed,Stayed Cookie
0,0,1,257,6,0.3333333432674408,1,1,248,23,3,2,2,0,0,0,1,5,1,1,1,0,1,1,0,0,1,0,0,0,0,Not Changed,Stayed Grape
1,0,7,261,6,0.6666666865348816,1,1,278,25,2,3,2,0,0,0,0,6,0,7,0,1,1,1,1,0,1,1,1,0,0.5,Not Changed,Stayed Grape
0,0,3,48,6,0,0,0,44,4,2,3,2,0,0,0,0,2,0,3,0,1,1,1,0,0,0,0,0,0,0,Not Changed,Stayed Cookie
1,0,6,203,6,0.3333333432674408,1,1,207,18,2,3,2,0,0,0,0,6,0,6,0,1,1,1,1,0,0,0,1,0,0.3333333432674408,Not Changed,Stayed Grape
0,0,3,119,6,0,0,0,112,9,3,3,2,0,0,0,1,2,1,3,0,1,1,1,0,1,0,0,0,0,0,Not Changed,Stayed Cookie
1,0,6,50,6,0.5,1,1,54,5,3,3,2,0,0,0,1,6,1,6,0,1,1,1,1,0,1,1,0,0,0.5,Not Changed,Stayed Grape
1,0,0,141,6,1,1,1,134,11,2,2,4,0,0,0,0,8,0,0,1,0,0,1,0,1,0,0,0,0,0.6666666865348816,Not Changed,Stayed Grape
1,0,7,66,6,0.6666666865348816,1,1,78,7,2,2,2,0,0,0,0,6,0,7,1,0,1,1,1,0,0,0,0,0,0.5,Not Changed,Stayed Grape
0,0,3,119,6,0,0,0,112,9,3,2,2,0,0,0,1,2,1,3,1,0,1,1,0,0,1,0,1,0,0,Not Changed,Stayed Cookie
0,0,6,6,6,0,0,0,22,3,3,3,2,0,0,0,1,2,1,6,0,1,1,1,1,0,1,0,1,0,0,Not Changed,Stayed Cookie
1,0,1,177,6,1,0,0,170,14,3,2,2,0,0,0,1,8,1,1,1,0,1,1,0,0,0,0,0,0,0.5,Not Changed,Stayed Cookie
0,0,5,38,6,0.6666666865348816,0,0,50,5,2,3,2,0,0,0,0,5,0,5,0,1,1,1,1,0,0,0,0,0,0.1666666716337204,Not Changed,Stayed Cookie
1,0,1,76,6,0.3333333432674408,1,1,69,6,3,2,2,0,0,0,1,6,1,1,1,0,1,1,0,0,1,1,0,0,0.3333333432674408,Not Changed,Stayed Grape
1,0,8,83,6,0.6666666865348816,1,1,86,7,2,3,2,0,0,0,0,6,0,8,0,1,1,1,1,0,1,1,0,0,0.6666666865348816,Not Changed,Stayed Grape
1,0,2,215,6,0.5,1,1,213,19,2,2,2,0,0,0,0,6,0,2,1,0,1,1,0,0,0,0,1,1,0.3333333432674408,Not Changed,Stayed Grape
0,0,5,121,6,0.1666666716337204,1,1,113,9,3,2,2,0,0,0,1,5,1,5,1,0,1,1,1,0,1,1,1,0,0.1666666716337204,Not Changed,Stayed Grape
0,0,2,186,6,0,0,0,185,16,2,2,2,0,0,0,0,2,0,2,1,0,1,1,0,0,0,0,0,0,0,Not Changed,Stayed Cookie
0,0,3,48,6,0,1,1,44,4,2,3,2,0,0,0,0,2,0,3,0,1,1,1,0,0,1,0,1,0,0,Not Changed,Stayed Grape
0,0,6,50,6,0.5,1,1,54,5,3,3,2,0,0,0,1,5,1,6,0,1,1,1,1,0,0,0,0,0,0.5,Not Changed,Stayed Grape
0,0,5,38,6,0.6666666865348816,1,0,50,5,3,3,2,-1,0,1,1,5,1,5,0,1,1,1,1,0,1,1,0,0,0.5,Grape to Cookie,Changed
1,0,6,50,6,0.5,1,1,54,5,3,3,2,0,0,0,1,6,1,6,0,1,1,1,1,0,1,1,0,0,0.5,Not Changed,Stayed Grape
1,0,1,177,6,1,1,0,170,14,2,2,2,-1,0,1,0,8,0,1,1,0,1,1,0,0,0,0,0,0,0.5,Grape to Cookie,Changed
0,0,1,44,6,0.1666666716337204,1,1,41,4,3,3,2,0,0,0,1,5,1,1,0,1,1,1,0,0,1,0,1,0,0.1666666716337204,Not Changed,Stayed Grape
0,0,2,215,6,0.5,0,1,213,19,3,3,2,1,1,0,1,5,1,2,0,1,1,1,0,0,0,0,0,0,0.1666666716337204,Cookie to Grape,Changed
1,0,1,177,6,1,0,1,170,14,3,2,2,1,1,0,1,8,1,1,1,0,1,1,0,1,0,0,0,0,0.5,Cookie to Grape,Changed
0,0,3,33,6,0,0,0,19,2,3,3,2,0,0,0,1,2,1,3,0,1,1,1,0,0,1,0,1,0,0,Not Changed,Stayed Cookie
0,0,4,196,6,0,0,0,197,17,2,2,2,0,0,0,0,2,0,4,1,0,1,1,0,0,1,0,1,0,0,Not Changed,Stayed Cookie
0,0,1,195,6,0.6666666865348816,0,1,188,16,3,2,2,1,1,0,1,5,1,1,1,0,1,1,0,0,1,1,0,0,0.5,Cookie to Grape,Changed
1,0,5,38,6,0.6666666865348816,0,0,50,5,3,3,2,0,0,0,1,6,1,5,0,1,1,1,1,1,0,0,0,0,0.5,Not Changed,Stayed Cookie
1,0,7,68,6,1,0,0,79,7,3,3,2,0,0,0,1,8,1,7,0,1,1,1,1,0,0,0,0,0,0.8333333134651184,Not Changed,Stayed Cookie
1,0,1,177,6,1,0,0,170,14,2,2,2,0,0,0,0,8,0,1,1,0,1,1,0,0,1,1,0,0,0.5,Not Changed,Stayed Cookie
0,0,3,119,6,0,0,0,112,9,3,3,2,0,0,0,1,2,1,3,0,1,1,1,0,0,1,0,1,0,0,Not Changed,Stayed Cookie
0,0,7,66,6,0.6666666865348816,0,0,78,7,3,3,2,0,0,0,1,5,1,7,0,1,1,1,1,1,0,0,0,0,0.1666666716337204,Not Changed,Stayed Cookie
0,0,8,83,6,0.6666666865348816,1,1,86,7,2,3,2,0,0,0,0,5,0,8,0,1,1,1,1,0,1,1,0,0,0.6666666865348816,Not Changed,Stayed Grape
0,0,2,82,6,0.5,1,1,72,6,3,2,3,0,0,0,1,5,1,2,1,0,0,1,0,0,0,0,0,0,0.3333333432674408,Not Changed,Stayed Grape
0,0,3,48,6,0,1,1,44,4,2,3,2,0,0,0,0,2,0,3,0,1,1,1,0,0,1,0,0,0,0,Not Changed,Stayed Grape
0,0,3,48,6,0,0,0,44,4,2,4,2,0,0,0,0,2,0,3,0,0,1,1,0,0,0,0,1,0,0,Not Changed,Stayed Cookie
1,0,8,241,6,0.6666666865348816,0,0,271,25,2,3,2,0,0,0,0,6,0,8,0,1,1,1,1,1,0,0,0,0,0.6666666865348816,Not Changed,Stayed Cookie
1,0,5,38,6,0.6666666865348816,0,0,50,5,2,3,2,0,0,0,0,6,0,5,0,1,1,1,1,0,0,0,0,0,0.1666666716337204,Not Changed,Stayed Cookie
1,0,6,95,6,1,0,0,117,10,3,2,2,0,0,0,1,8,1,6,1,0,1,1,1,0,1,1,1,1,1,Not Changed,Stayed Cookie
1,0,6,95,6,1,0,0,117,10,3,3,2,0,0,0,1,8,1,6,0,1,1,1,1,0,1,1,1,1,1,Not Changed,Stayed Cookie
1,0,8,83,6,0.6666666865348816,0,0,86,7,2,3,2,0,0,0,0,6,0,8,0,1,1,1,1,0,1,1,0,0,0.6666666865348816,Not Changed,Stayed Cookie
1,0,0,136,6,0.6666666865348816,1,1,133,11,3,2,2,0,0,0,1,6,1,0,1,0,1,1,0,1,0,0,0,0,0.5,Not Changed,Stayed Grape
0,0,5,121,6,0.1666666716337204,0,0,113,9,3,2,2,0,0,0,1,5,1,5,1,0,1,1,1,0,1,1,1,0,0.1666666716337204,Not Changed,Stayed Cookie
1,0,2,82,6,0.5,1,1,72,6,2,3,2,0,0,0,0,6,0,2,0,1,1,1,0,1,0,0,0,0,0.1666666716337204,Not Changed,Stayed Grape
0,0,5,121,6,0.1666666716337204,1,1,113,9,3,3,2,0,0,0,1,5,1,5,0,1,1,1,1,0,1,0,1,0,0.1666666716337204,Not Changed,Stayed Grape
0,0,1,44,6,0.1666666716337204,0,1,41,4,3,3,2,1,1,0,1,5,1,1,0,1,1,1,0,0,1,0,1,0,0.1666666716337204,Cookie to Grape,Changed
1,0,1,177,6,1,0,1,170,14,2,2,2,1,1,0,0,8,0,1,1,0,1,1,0,0,1,1,0,0,0.5,Cookie to Grape,Changed
0,0,2,135,6,0.5,0,0,132,11,2,2,2,0,0,0,0,5,0,2,1,0,1,1,0,0,1,1,1,0,0.3333333432674408,Not Changed,Stayed Cookie
0,0,3,119,6,0,0,0,112,9,3,2,2,0,0,0,1,2,1,3,1,0,1,1,0,0,1,0,1,0,0,Not Changed,Stayed Cookie
0,0,6,6,6,0,1,1,22,3,3,2,2,0,0,0,1,2,1,6,1,0,1,1,1,0,0,0,1,0,0,Not Changed,Stayed Grape
0,0,4,196,6,0,1,1,197,17,2,3,2,0,0,0,0,2,0,4,0,1,1,1,0,0,1,0,0,0,0,Not Changed,Stayed Grape
0,0,6,6,6,0,1,1,22,3,3,3,2,0,0,0,1,2,1,6,0,1,1,1,1,1,0,0,0,0,0,Not Changed,Stayed Grape
0,0,3,243,6,0.3333333432674408,1,1,245,23,3,2,2,0,0,0,1,5,1,3,1,0,1,1,0,0,1,0,0,0,0,Not Changed,Stayed Grape
1,0,1,195,6,0.6666666865348816,0,1,188,16,3,3,2,1,1,0,1,6,1,1,0,1,1,1,0,0,1,1,1,1,0.5,Cookie to Grape,Changed
1,0,0,141,6,1,1,1,134,11,3,3,2,0,0,0,1,8,1,0,0,1,1,1,0,1,0,0,0,0,0.3333333432674408,Not Changed,Stayed Grape
1,0,0,136,6,0.6666666865348816,1,1,133,11,3,2,2,0,0,0,1,6,1,0,1,0,1,1,0,1,0,0,0,0,0.5,Not Changed,Stayed Grape
0,0,1,257,6,0.3333333432674408,0,0,248,23,2,3,2,0,0,0,0,5,0,1,0,1,1,1,0,1,0,0,0,0,0.3333333432674408,Not Changed,Stayed Cookie
1,0,6,95,6,1,1,0,117,10,3,2,2,-1,0,1,1,8,1,6,1,0,1,1,1,0,1,1,1,1,1,Grape to Cookie,Changed
0,0,2,186,6,0,0,0,185,16,3,3,4,0,0,0,1,2,1,2,0,1,0,1,0,0,0,0,1,0,0,Not Changed,Stayed Cookie
0,0,1,44,6,0.1666666716337204,1,1,41,4,2,3,2,0,0,0,0,5,0,1,0,1,1,1,0,0,0,0,0,0,0,Not Changed,Stayed Grape
0,0,1,76,6,0.3333333432674408,0,1,69,6,2,3,2,1,1,0,0,5,0,1,0,1,1,1,0,0,1,0,0,0,0,Cookie to Grape,Changed
1,0,6,50,6,0.5,1,1,54,5,3,3,2,0,0,0,1,6,1,6,0,1,1,1,1,0,1,1,1,0,0.5,Not Changed,Stayed Grape
0,0,3,33,6,0,1,1,19,2,3,3,2,0,0,0,1,2,1,3,0,1,1,1,0,0,1,0,1,0,0,Not Changed,Stayed Grape
1,0,0,270,7,0.5714285969734192,1,1,243,22,2,3,2,0,0,0,0,6,0,0,0,1,1,1,0,1,0,0,0,0,0.2857142984867096,Not Changed,Stayed Grape
0,0,4,161,7,0.4285714328289032,0,0,161,14,2,2,2,0,0,0,0,5,0,4,1,0,1,1,0,0,1,1,1,0,0,Not Changed,Stayed Cookie
1,0,0,270,7,0.5714285969734192,0,1,243,22,3,2,2,1,1,0,1,6,1,0,1,0,1,1,0,1,0,0,0,0,0.2857142984867096,Cookie to Grape,Changed
1,0,8,26,7,1,0,0,32,3,2,3,2,0,0,0,0,8,0,8,0,1,1,1,1,1,0,0,0,0,0.5714285969734192,Not Changed,Stayed Cookie
1,0,4,231,7,0.5714285969734192,1,1,230,20,2,2,2,0,0,0,0,6,0,4,1,0,1,1,0,0,0,0,0,0,0.5714285969734192,Not Changed,Stayed Grape
1,0,2,91,7,0.4285714328289032,1,1,91,8,3,3,3,0,0,0,1,6,1,2,0,1,0,1,0,0,1,1,0,0,0.2857142984867096,Not Changed,Stayed Grape
1,0,8,26,7,1,0,0,32,3,2,2,2,0,0,0,0,8,0,8,1,0,1,1,1,1,0,0,0,0,0.5714285969734192,Not Changed,Stayed Cookie
0,0,0,217,7,0.4285714328289032,0,0,214,19,2,2,2,0,0,0,0,5,0,0,1,0,1,1,0,1,0,0,0,0,0.2857142984867096,Not Changed,Stayed Cookie
0,0,6,250,7,0,1,1,261,24,3,2,2,0,0,0,1,2,1,6,1,0,1,1,1,1,0,0,0,0,0,Not Changed,Stayed Grape
0,0,3,49,7,0,1,1,45,4,2,3,2,0,0,0,0,2,0,3,0,1,1,1,0,0,1,0,1,0,0,Not Changed,Stayed Grape
1,0,1,118,7,0.5714285969734192,1,1,99,8,3,3,2,0,0,0,1,6,1,1,0,1,1,1,0,1,0,0,0,0,0.1428571492433548,Not Changed,Stayed Grape
0,0,2,57,7,0.4285714328289032,1,1,48,4,2,3,4,0,0,0,0,5,0,2,0,1,0,1,0,0,0,0,0,0,0.1428571492433548,Not Changed,Stayed Grape
1,0,1,118,7,0.5714285969734192,1,1,99,8,2,3,2,0,0,0,0,6,0,1,0,1,1,1,0,0,1,1,1,0,0.4285714328289032,Not Changed,Stayed Grape
0,0,1,118,7,0.5714285969734192,1,0,99,8,3,2,2,-1,0,1,1,5,1,1,1,0,1,1,0,0,0,0,1,0,0.1428571492433548,Grape to Cookie,Changed
0,0,1,182,7,0,1,1,182,16,3,3,2,0,0,0,1,2,1,1,0,1,1,1,0,0,1,0,0,0,0,Not Changed,Stayed Grape
1,0,1,57,7,0.4285714328289032,1,1,48,4,3,3,2,0,0,0,1,6,1,1,0,1,1,1,0,0,1,0,1,1,0.2857142984867096,Not Changed,Stayed Grape
0,0,3,129,7,0,1,1,116,9,2,2,2,0,0,0,0,2,0,3,1,0,1,1,0,0,1,0,1,0,0,Not Changed,Stayed Grape
0,0,3,129,7,0,1,1,116,9,2,2,2,0,0,0,0,2,0,3,1,0,1,1,0,0,1,0,1,0,0,Not Changed,Stayed Grape
1,0,6,232,7,0.4285714328289032,1,1,231,20,3,2,2,0,0,0,1,6,1,6,1,0,1,1,1,0,1,1,1,1,0.4285714328289032,Not Changed,Stayed Grape
0,0,4,57,7,0.4285714328289032,1,1,48,4,2,3,2,0,0,0,0,5,0,4,0,1,1,1,0,0,0,0,0,0,0.1428571492433548,Not Changed,Stayed Grape
0,0,6,250,7,0,1,0,261,24,3,2,2,-1,0,1,1,2,1,6,1,0,1,1,1,0,1,0,1,0,0,Grape to Cookie,Changed
0,0,4,37,7,0.5714285969734192,1,1,37,4,3,3,2,0,0,0,1,5,1,4,0,1,1,1,0,0,1,1,0,0,0.2857142984867096,Not Changed,Stayed Grape
1,0,5,39,7,0.5714285969734192,0,0,51,5,3,3,2,0,0,0,1,6,1,5,0,1,1,1,1,0,0,0,1,0,0.1428571492433548,Not Changed,Stayed Cookie
0,0,4,36,7,0,0,0,36,4,2,2,2,0,0,0,0,2,0,4,1,0,1,1,0,1,0,0,0,0,0,Not Changed,Stayed Cookie
0,0,8,240,7,0.4285714328289032,0,0,270,25,2,2,2,0,0,0,0,5,0,8,1,0,1,1,1,0,1,1,1,1,0.4285714328289032,Not Changed,Stayed Cookie
1,0,2,217,7,0.4285714328289032,1,1,214,19,2,2,1,0,0,0,0,6,0,2,1,0,0,1,0,0,0,0,1,1,0.2857142984867096,Not Changed,Stayed Grape
0,0,6,127,7,0,1,1,129,10,2,2,2,0,0,0,0,2,0,6,1,0,1,1,1,0,1,0,1,0,0,Not Changed,Stayed Grape
0,0,1,229,7,0,0,0,218,19,2,2,4,0,0,0,0,2,0,1,1,0,0,1,0,0,0,0,0,0,0,Not Changed,Stayed Cookie
0,0,3,49,7,0,0,1,45,4,2,3,4,1,1,0,0,2,0,3,0,1,0,1,0,0,1,0,0,0,0,Cookie to Grape,Changed
1,0,2,91,7,0.4285714328289032,1,1,91,8,3,3,2,0,0,0,1,6,1,2,0,1,1,1,0,1,0,0,0,0,0.2857142984867096,Not Changed,Stayed Grape
0,0,4,231,7,0.5714285969734192,0,0,230,20,3,2,2,0,0,0,1,5,1,4,1,0,1,1,0,0,0,0,0,0,0,Not Changed,Stayed Cookie
0,0,4,161,7,0.4285714328289032,0,0,161,14,2,2,2,0,0,0,0,5,0,4,1,0,1,1,0,0,1,0,1,0,0,Not Changed,Stayed Cookie
0,0,4,77,7,0.4285714328289032,0,0,70,6,2,2,2,0,0,0,0,5,0,4,1,0,1,1,0,0,0,0,0,0,0.2857142984867096,Not Changed,Stayed Cookie
0,0,1,118,7,0.5714285969734192,0,0,99,8,3,2,2,0,0,0,1,5,1,1,1,0,1,1,0,0,1,0,1,0,0.1428571492433548,Not Changed,Stayed Cookie
1,0,1,144,7,0.4285714328289032,1,1,135,11,2,4,2,0,0,0,0,6,0,1,0,0,1,1,0,0,1,0,0,0,0.2857142984867096,Not Changed,Stayed Grape
0,0,5,232,7,0.4285714328289032,0,0,231,20,2,2,2,0,0,0,0,5,0,5,1,0,1,1,1,0,0,0,0,0,0,Not Changed,Stayed Cookie
0,0,5,39,7,0.5714285969734192,0,0,51,5,2,3,2,0,0,0,0,5,0,5,0,1,1,1,1,0,1,0,1,0,0,Not Changed,Stayed Cookie
0,0,3,49,7,0,0,0,45,4,2,3,2,0,0,0,0,2,0,3,0,1,1,1,0,1,0,0,0,0,0,Not Changed,Stayed Cookie
0,0,4,194,7,0,0,0,196,17,2,3,2,0,0,0,0,2,0,4,0,1,1,1,0,1,0,0,0,0,0,Not Changed,Stayed Cookie
0,0,5,231,7,0.5714285969734192,1,1,230,20,3,2,2,0,0,0,1,5,1,5,1,0,1,1,1,0,0,0,1,0,0,Not Changed,Stayed Grape
0,0,6,34,7,0,0,0,34,3,3,3,2,0,0,0,1,2,1,6,0,1,1,1,1,0,0,0,0,0,0,Not Changed,Stayed Cookie
0,0,3,49,7,0,1,1,45,4,3,3,2,0,0,0,1,2,1,3,0,1,1,1,0,0,0,0,1,0,0,Not Changed,Stayed Grape
0,0,6,150,7,0,0,0,156,13,3,2,3,0,0,0,1,2,1,6,1,0,0,1,1,0,0,0,1,0,0,Not Changed,Stayed Cookie
1,0,5,231,7,0.5714285969734192,1,1,230,20,2,3,2,0,0,0,0,6,0,5,0,1,1,1,1,0,0,0,0,0,0.5714285969734192,Not Changed,Stayed Grape
1,0,8,240,7,0.4285714328289032,0,0,270,25,2,3,2,0,0,0,0,6,0,8,0,1,1,1,1,0,0,0,0,0,0.4285714328289032,Not Changed,Stayed Cookie
1,0,8,26,7,1,0,0,32,3,3,3,2,0,0,0,1,8,1,8,0,1,1,1,1,1,0,0,0,0,0.2857142984867096,Not Changed,Stayed Cookie
1,0,4,77,7,0.4285714328289032,1,1,70,6,2,3,2,0,0,0,0,6,0,4,0,1,1,1,0,0,1,0,0,0,0.2857142984867096,Not Changed,Stayed Grape
0,0,1,36,7,0,1,0,36,4,2,2,2,-1,0,1,0,2,0,1,1,0,1,1,0,0,1,0,0,0,0,Grape to Cookie,Changed
0,0,6,150,7,0,0,0,156,13,3,2,2,0,0,0,1,2,1,6,1,0,1,1,1,0,1,0,0,0,0,Not Changed,Stayed Cookie
0,0,0,217,7,0.4285714328289032,0,0,214,19,3,2,4,0,0,0,1,5,1,0,1,0,0,1,0,1,0,0,0,0,0.1428571492433548,Not Changed,Stayed Cookie
1,0,2,37,7,0.5714285969734192,1,1,37,4,3,2,2,0,0,0,1,6,1,2,1,0,1,1,0,0,1,1,0,0,0.2857142984867096,Not Changed,Stayed Grape
0,0,6,127,7,0,1,1,129,10,2,2,2,0,0,0,0,2,0,6,1,0,1,1,1,0,1,0,1,0,0,Not Changed,Stayed Grape
0,0,2,91,7,0.4285714328289032,1,1,91,8,3,2,2,0,0,0,1,5,1,2,1,0,1,1,0,0,0,0,0,0,0.2857142984867096,Not Changed,Stayed Grape
0,0,4,194,7,0,0,0,196,17,2,3,2,0,0,0,0,2,0,4,0,1,1,1,0,0,1,0,1,0,0,Not Changed,Stayed Cookie
0,0,2,91,7,0.4285714328289032,0,1,91,8,3,2,2,1,1,0,1,5,1,2,1,0,1,1,0,0,0,0,1,1,0.2857142984867096,Cookie to Grape,Changed
1,0,6,232,7,0.4285714328289032,1,1,231,20,3,2,2,0,0,0,1,6,1,6,1,0,1,1,1,0,1,1,0,0,0.4285714328289032,Not Changed,Stayed Grape
0,0,4,37,7,0.5714285969734192,0,0,37,4,3,3,2,0,0,0,1,5,1,4,0,1,1,1,0,0,1,0,0,0,0.2857142984867096,Not Changed,Stayed Cookie
0,0,8,240,7,0.4285714328289032,0,0,270,25,2,2,2,0,0,0,0,5,0,8,1,0,1,1,1,0,1,0,1,0,0.4285714328289032,Not Changed,Stayed Cookie
0,0,4,194,7,0,0,0,196,17,2,2,3,0,0,0,0,2,0,4,1,0,0,1,0,1,0,0,0,0,0,Not Changed,Stayed Cookie
0,0,6,127,7,0,1,1,129,10,2,3,2,0,0,0,0,2,0,6,0,1,1,1,1,0,1,0,1,0,0,Not Changed,Stayed Grape
0,0,3,49,7,0,0,0,45,4,2,2,2,0,0,0,0,2,0,3,1,0,1,1,0,0,1,0,1,0,0,Not Changed,Stayed Cookie
0,0,2,229,7,0,0,0,218,19,2,2,2,0,0,0,0,2,0,2,1,0,1,1,0,0,0,0,1,0,0,Not Changed,Stayed Cookie
1,0,8,26,7,1,0,0,32,3,2,3,4,0,0,0,0,8,0,8,0,1,0,1,1,1,0,0,0,0,0.5714285969734192,Not Changed,Stayed Cookie
0,0,3,129,7,0,1,0,116,9,2,2,2,-1,0,1,0,2,0,3,1,0,1,1,0,0,1,0,0,0,0,Grape to Cookie,Changed
0,0,6,127,7,0,1,1,129,10,2,2,2,0,0,0,0,2,0,6,1,0,1,1,1,1,0,0,0,0,0,Not Changed,Stayed Grape
1,0,3,217,7,0.4285714328289032,1,0,214,19,3,3,2,-1,0,1,1,6,1,3,0,1,1,1,0,0,0,0,1,1,0.1428571492433548,Grape to Cookie,Changed
0,0,6,34,7,0,0,0,34,3,3,3,2,0,0,0,1,2,1,6,0,1,1,1,1,0,1,0,0,0,0,Not Changed,Stayed Cookie
1,0,8,240,7,0.4285714328289032,0,0,270,25,2,2,2,0,0,0,0,6,0,8,1,0,1,1,1,1,0,0,0,0,0.4285714328289032,Not Changed,Stayed Cookie
0,0,2,91,7,0.4285714328289032,0,0,91,8,3,3,3,0,0,0,1,5,1,2,0,1,0,1,0,1,0,0,0,0,0.2857142984867096,Not Changed,Stayed Cookie
0,0,0,270,7,0.5714285969734192,1,1,243,22,2,2,2,0,0,0,0,5,0,0,1,0,1,1,0,1,0,0,0,0,0.2857142984867096,Not Changed,Stayed Grape
1,0,3,217,7,0.4285714328289032,1,1,214,19,2,3,2,0,0,0,0,6,0,3,0,1,1,1,0,0,0,0,0,0,0.2857142984867096,Not Changed,Stayed Grape
0,0,1,36,7,0,0,0,36,4,2,6,4,0,0,0,0,2,0,1,0,0,0,1,0,0,1,0,0,0,0,Not Changed,Stayed Cookie
1,0,6,231,7,0.5714285969734192,1,1,230,20,2,2,2,0,0,0,0,6,0,6,1,0,1,1,1,0,0,0,1,1,0.5714285969734192,Not Changed,Stayed Grape
0,0,6,150,7,0,0,0,156,13,3,6,2,0,0,0,1,2,1,6,0,0,1,1,1,0,0,0,0,0,0,Not Changed,Stayed Cookie
0,0,6,150,7,0,0,0,156,13,2,2,2,0,0,0,0,2,0,6,1,0,1,1,1,0,0,0,0,0,0,Not Changed,Stayed Cookie
0,0,4,61,7,0.2857142984867096,0,0,61,6,2,3,1,0,0,0,0,5,0,4,0,1,0,1,0,0,1,0,1,0,0.1428571492433548,Not Changed,Stayed Cookie
1,0,4,77,7,0.4285714328289032,1,1,70,6,2,3,2,0,0,0,0,6,0,4,0,1,1,1,0,0,1,0,0,0,0.2857142984867096,Not Changed,Stayed Grape
1,0,4,61,7,0.2857142984867096,1,1,61,6,2,3,2,0,0,0,0,6,0,4,0,1,1,1,0,0,1,0,1,0,0.1428571492433548,Not Changed,Stayed Grape
0,0,4,194,7,0,0,0,196,17,3,3,2,0,0,0,1,2,1,4,0,1,1,1,0,0,0,0,0,0,0,Not Changed,Stayed Cookie
0,0,6,34,7,0,0,0,34,3,3,3,2,0,0,0,1,2,1,6,0,1,1,1,1,0,1,0,0,0,0,Not Changed,Stayed Cookie
0,0,4,231,7,0.5714285969734192,0,0,230,20,2,2,2,0,0,0,0,5,0,4,1,0,1,1,0,0,0,0,1,0,0.5714285969734192,Not Changed,Stayed Cookie
0,0,2,91,7,0.4285714328289032,0,1,91,8,3,2,2,1,1,0,1,5,1,2,1,0,1,1,0,0,0,0,0,0,0.2857142984867096,Cookie to Grape,Changed
0,0,0,270,7,0.5714285969734192,1,1,243,22,2,3,2,0,0,0,0,5,0,0,0,1,1,1,0,1,0,0,0,0,0.2857142984867096,Not Changed,Stayed Grape
1,0,1,11,7,1,1,1,1,1,3,3,2,0,0,0,1,8,1,1,0,1,1,1,0,0,0,0,0,0,0.2857142984867096,Not Changed,Stayed Grape
0,0,6,34,7,0,0,0,34,3,3,3,2,0,0,0,1,2,1,6,0,1,1,1,1,1,0,0,0,0,0,Not Changed,Stayed Cookie
0,0,6,127,7,0,0,1,129,10,2,2,2,1,1,0,0,2,0,6,1,0,1,1,1,0,1,0,1,0,0,Cookie to Grape,Changed
0,0,4,194,7,0,1,1,196,17,2,2,2,0,0,0,0,2,0,4,1,0,1,1,0,0,0,0,0,0,0,Not Changed,Stayed Grape
0,0,5,39,7,0.5714285969734192,0,0,51,5,2,3,2,0,0,0,0,5,0,5,0,1,1,1,1,0,1,1,0,0,0,Not Changed,Stayed Cookie
1,0,8,26,7,1,0,0,32,3,2,3,4,0,0,0,0,8,0,8,0,1,0,1,1,0,1,1,1,1,0.5714285969734192,Not Changed,Stayed Cookie
0,0,4,77,7,0.4285714328289032,0,0,70,6,2,2,3,0,0,0,0,5,0,4,1,0,0,1,0,0,0,0,0,0,0.2857142984867096,Not Changed,Stayed Cookie
0,0,3,217,7,0.4285714328289032,0,0,214,19,2,2,2,0,0,0,0,5,0,3,1,0,1,1,0,1,0,0,0,0,0.2857142984867096,Not Changed,Stayed Cookie
0,0,4,61,7,0.2857142984867096,0,0,61,6,2,3,2,0,0,0,0,5,0,4,0,1,1,1,0,0,1,1,0,0,0.1428571492433548,Not Changed,Stayed Cookie
0,0,0,34,7,0,0,0,34,3,3,3,2,0,0,0,1,2,1,0,0,1,1,1,0,1,0,0,0,0,0,Not Changed,Stayed Cookie
0,0,1,182,7,0,0,0,182,16,2,3,2,0,0,0,0,2,0,1,0,1,1,1,0,0,1,0,1,0,0,Not Changed,Stayed Cookie
0,0,4,194,7,0,0,0,196,17,2,3,2,0,0,0,0,2,0,4,0,1,1,1,0,0,1,0,1,0,0,Not Changed,Stayed Cookie
0,0,3,49,7,0,1,0,45,4,3,3,2,-1,0,1,1,2,1,3,0,1,1,1,0,0,1,0,1,0,0,Grape to Cookie,Changed
0,0,0,270,7,0.5714285969734192,1,1,243,22,2,6,2,0,0,0,0,5,0,0,0,0,1,1,0,1,0,0,0,0,0.2857142984867096,Not Changed,Stayed Grape
0,0,2,36,7,0,0,0,36,4,2,3,2,0,0,0,0,2,0,2,0,1,1,1,0,0,0,0,0,0,0,Not Changed,Stayed Cookie
1,0,4,57,7,0.4285714328289032,1,1,48,4,2,3,2,0,0,0,0,6,0,4,0,1,1,1,0,0,1,0,1,0,0.1428571492433548,Not Changed,Stayed Grape
0,0,0,229,7,0,0,0,218,19,2,2,2,0,0,0,0,2,0,0,1,0,1,1,0,1,0,0,0,0,0,Not Changed,Stayed Cookie
0,0,4,77,7,0.4285714328289032,0,0,70,6,2,3,2,0,0,0,0,5,0,4,0,1,1,1,0,0,1,0,0,0,0.2857142984867096,Not Changed,Stayed Cookie
1,0,1,11,7,1,1,1,1,1,2,3,2,0,0,0,0,8,0,1,0,1,1,1,0,0,1,1,1,1,0.7142857313156128,Not Changed,Stayed Grape
1,0,2,57,7,0.4285714328289032,1,1,48,4,3,3,2,0,0,0,1,6,1,2,0,1,1,1,0,0,0,0,0,0,0.2857142984867096,Not Changed,Stayed Grape
0,0,6,250,7,0,0,0,261,24,3,2,2,0,0,0,1,2,1,6,1,0,1,1,1,0,0,0,1,0,0,Not Changed,Stayed Cookie
1,0,1,118,7,0.5714285969734192,1,1,99,8,2,3,2,0,0,0,0,6,0,1,0,1,1,1,0,0,1,1,0,0,0.4285714328289032,Not Changed,Stayed Grape
0,0,8,240,7,0.4285714328289032,0,0,270,25,2,2,2,0,0,0,0,5,0,8,1,0,1,1,1,0,1,1,0,0,0.4285714328289032,Not Changed,Stayed Cookie
1,0,4,77,7,0.4285714328289032,1,0,70,6,3,6,2,-1,0,1,1,6,1,4,0,0,1,1,0,1,0,0,0,0,0.1428571492433548,Grape to Cookie,Changed
0,0,1,182,7,0,1,1,182,16,3,3,2,0,0,0,1,2,1,1,0,1,1,1,0,0,1,0,0,0,0,Not Changed,Stayed Grape
0,0,3,129,7,0,0,1,116,9,2,2,2,1,1,0,0,2,0,3,1,0,1,1,0,1,0,0,0,0,0,Cookie to Grape,Changed
0,0,6,150,7,0,0,0,156,13,3,3,2,0,0,0,1,2,1,6,0,1,1,1,1,0,1,0,0,0,0,Not Changed,Stayed Cookie
0,0,0,229,7,0,0,0,218,19,3,2,2,0,0,0,1,2,1,0,1,0,1,1,0,1,0,0,0,0,0,Not Changed,Stayed Cookie
0,0,4,61,7,0.2857142984867096,0,1,61,6,2,3,2,1,1,0,0,5,0,4,0,1,1,1,0,0,1,1,0,0,0.1428571492433548,Cookie to Grape,Changed
1,0,1,11,7,1,1,1,1,1,3,3,2,0,0,0,1,8,1,1,0,1,1,1,0,0,1,1,0,0,0.2857142984867096,Not Changed,Stayed Grape
0,0,1,144,7,0.4285714328289032,0,0,135,11,2,2,2,0,0,0,0,5,0,1,1,0,1,1,0,0,1,0,0,0,0.2857142984867096,Not Changed,Stayed Cookie
0,0,2,36,7,0,1,0,36,4,2,2,3,-1,0,1,0,2,0,2,1,0,0,1,0,0,0,0,1,0,0,Grape to Cookie,Changed
0,0,8,240,7,0.4285714328289032,0,0,270,25,2,2,2,0,0,0,0,5,0,8,1,0,1,1,1,0,1,1,1,0,0.4285714328289032,Not Changed,Stayed Cookie
0,0,5,232,7,0.4285714328289032,1,1,231,20,2,3,2,0,0,0,0,5,0,5,0,1,1,1,1,0,0,0,0,0,0,Not Changed,Stayed Grape
0,0,6,127,7,0,0,0,129,10,2,2,2,0,0,0,0,2,0,6,1,0,1,1,1,0,1,0,1,0,0,Not Changed,Stayed Cookie
0,0,0,229,7,0,1,1,218,19,2,2,2,0,0,0,0,2,0,0,1,0,1,1,0,1,0,0,0,0,0,Not Changed,Stayed Grape
1,0,2,91,7,0.4285714328289032,0,0,91,8,2,3,2,0,0,0,0,6,0,2,0,1,1,1,0,0,0,0,0,0,0.1428571492433548,Not Changed,Stayed Cookie
0,0,1,37,7,0.5714285969734192,0,0,37,4,3,6,2,0,0,0,1,5,1,1,0,0,1,1,0,0,0,0,0,0,0.2857142984867096,Not Changed,Stayed Cookie
0,0,0,229,7,0,0,0,218,19,3,3,2,0,0,0,1,2,1,0,0,1,1,1,0,1,0,0,0,0,0,Not Changed,Stayed Cookie
0,0,5,232,7,0.4285714328289032,1,1,231,20,2,2,2,0,0,0,0,5,0,5,1,0,1,1,1,0,0,0,0,0,0,Not Changed,Stayed Grape
1,0,8,240,7,0.4285714328289032,0,0,270,25,2,2,2,0,0,0,0,6,0,8,1,0,1,1,1,0,1,0,1,1,0.4285714328289032,Not Changed,Stayed Cookie
0,0,6,250,7,0,1,1,261,24,3,2,2,0,0,0,1,2,1,6,1,0,1,1,1,0,1,0,1,0,0,Not Changed,Stayed Grape
0,0,3,129,7,0,0,0,116,9,2,3,2,0,0,0,0,2,0,3,0,1,1,1,0,0,1,0,1,0,0,Not Changed,Stayed Cookie
0,0,1,118,7,0.5714285969734192,1,0,99,8,2,2,2,-1,0,1,0,5,0,1,1,0,1,1,0,0,1,1,1,1,0.4285714328289032,Grape to Cookie,Changed
0,0,6,150,7,0,0,0,156,13,3,2,2,0,0,0,1,2,1,6,1,0,1,1,1,0,1,0,0,0,0,Not Changed,Stayed Cookie
0,0,6,127,7,0,1,1,129,10,2,2,2,0,0,0,0,2,0,6,1,0,1,1,1,0,1,0,1,0,0,Not Changed,Stayed Grape
1,0,5,232,7,0.4285714328289032,1,1,231,20,3,3,2,0,0,0,1,6,1,5,0,1,1,1,1,0,0,0,0,0,0.4285714328289032,Not Changed,Stayed Grape
0,0,6,250,7,0,1,1,261,24,3,2,2,0,0,0,1,2,1,6,1,0,1,1,1,0,1,0,1,0,0,Not Changed,Stayed Grape
0,0,1,57,7,0.4285714328289032,0,0,48,4,3,3,2,0,0,0,1,5,1,1,0,1,1,1,0,0,1,1,1,1,0.2857142984867096,Not Changed,Stayed Cookie
0,0,6,250,7,0,0,0,261,24,3,2,2,0,0,0,1,2,1,6,1,0,1,1,1,0,0,0,0,0,0,Not Changed,Stayed Cookie
0,0,4,61,7,0.2857142984867096,1,0,61,6,2,6,2,-1,0,1,0,5,0,4,0,0,1,1,0,0,1,1,1,0,0.1428571492433548,Grape to Cookie,Changed
1,0,1,144,7,0.4285714328289032,1,0,135,11,2,2,2,-1,0,1,0,6,0,1,1,0,1,1,0,0,1,1,1,0,0.2857142984867096,Grape to Cookie,Changed
1,0,0,270,7,0.5714285969734192,1,1,243,22,2,2,2,0,0,0,0,6,0,0,1,0,1,1,0,1,0,0,0,0,0.2857142984867096,Not Changed,Stayed Grape
0,0,6,150,7,0,0,0,156,13,3,3,2,0,0,0,1,2,1,6,0,1,1,1,1,0,1,0,0,0,0,Not Changed,Stayed Cookie
1,0,2,37,7,0.5714285969734192,0,1,37,4,3,3,2,1,1,0,1,6,1,2,0,1,1,1,0,0,1,1,0,0,0.2857142984867096,Cookie to Grape,Changed
1,0,1,37,7,0.5714285969734192,0,0,37,4,2,2,2,0,0,0,0,6,0,1,1,0,1,1,0,0,0,0,0,0,0.2857142984867096,Not Changed,Stayed Cookie
0,0,4,36,7,0,0,0,36,4,3,3,2,0,0,0,1,2,1,4,0,1,1,1,0,0,0,0,0,0,0,Not Changed,Stayed Cookie
0,0,6,34,7,0,0,1,34,3,3,3,2,1,1,0,1,2,1,6,0,1,1,1,1,1,0,0,0,0,0,Cookie to Grape,Changed
0,0,3,129,7,0,0,1,116,9,2,3,2,1,1,0,0,2,0,3,0,1,1,1,0,1,0,0,0,0,0,Cookie to Grape,Changed
0,0,6,250,7,0,1,1,261,24,3,2,2,0,0,0,1,2,1,6,1,0,1,1,1,0,1,0,1,0,0,Not Changed,Stayed Grape
0,0,1,57,7,0.4285714328289032,0,0,48,4,3,3,2,0,0,0,1,5,1,1,0,1,1,1,0,0,1,1,0,0,0.2857142984867096,Not Changed,Stayed Cookie
0,0,3,129,7,0,0,0,116,9,2,3,2,0,0,0,0,2,0,3,0,1,1,1,0,0,1,0,1,0,0,Not Changed,Stayed Cookie
0,0,1,229,7,0,1,1,218,19,2,2,2,0,0,0,0,2,0,1,1,0,1,1,0,0,0,0,0,0,0,Not Changed,Stayed Grape
1,0,1,11,7,1,1,1,1,1,2,3,2,0,0,0,0,8,0,1,0,1,1,1,0,0,1,1,1,1,0.7142857313156128,Not Changed,Stayed Grape
0,0,4,61,7,0.2857142984867096,0,1,61,6,2,3,2,1,1,0,0,5,0,4,0,1,1,1,0,1,0,0,0,0,0.1428571492433548,Cookie to Grape,Changed
1,0,6,231,7,0.5714285969734192,1,1,230,20,2,2,2,0,0,0,0,6,0,6,1,0,1,1,1,0,1,1,1,1,0.5714285969734192,Not Changed,Stayed Grape
1,0,8,26,7,1,0,0,32,3,3,2,2,0,0,0,1,8,1,8,1,0,1,1,1,1,0,0,0,0,0.2857142984867096,Not Changed,Stayed Cookie
1,0,0,270,7,0.5714285969734192,1,1,243,22,3,2,2,0,0,0,1,6,1,0,1,0,1,1,0,1,0,0,0,0,0.2857142984867096,Not Changed,Stayed Grape
0,0,1,182,7,0,0,0,182,16,3,3,2,0,0,0,1,2,1,1,0,1,1,1,0,1,0,0,0,0,0,Not Changed,Stayed Cookie
0,0,1,144,7,0.4285714328289032,0,0,135,11,2,2,2,0,0,0,0,5,0,1,1,0,1,1,0,0,0,0,0,0,0.2857142984867096,Not Changed,Stayed Cookie
0,0,2,36,7,0,0,0,36,4,3,2,2,0,0,0,1,2,1,2,1,0,1,1,0,0,0,0,0,0,0,Not Changed,Stayed Cookie
1,0,1,144,7,0.4285714328289032,1,1,135,11,3,2,2,0,0,0,1,6,1,1,1,0,1,1,0,0,0,0,0,0,0.1428571492433548,Not Changed,Stayed Grape
0,0,5,232,7,0.4285714328289032,0,0,231,20,2,2,2,0,0,0,0,5,0,5,1,0,1,1,1,0,0,0,0,0,0,Not Changed,Stayed Cookie
1,0,1,118,7,0.5714285969734192,1,1,99,8,2,2,2,0,0,0,0,6,0,1,1,0,1,1,0,0,1,1,1,0,0.4285714328289032,Not Changed,Stayed Grape
0,0,2,217,7,0.4285714328289032,0,0,214,19,3,2,2,0,0,0,1,5,1,2,1,0,1,1,0,0,0,0,0,0,0.1428571492433548,Not Changed,Stayed Cookie
0,0,1,144,7,0.4285714328289032,0,0,135,11,2,2,2,0,0,0,0,5,0,1,1,0,1,1,0,0,1,0,1,0,0.2857142984867096,Not Changed,Stayed Cookie
1,0,1,11,7,1,1,1,1,1,2,3,2,0,0,0,0,8,0,1,0,1,1,1,0,0,1,1,0,0,0.7142857313156128,Not Changed,Stayed Grape
0,0,5,39,7,0.5714285969734192,1,1,51,5,3,6,2,0,0,0,1,5,1,5,0,0,1,1,1,0,0,0,0,0,0.1428571492433548,Not Changed,Stayed Grape
0,0,1,182,7,0,0,0,182,16,3,3,2,0,0,0,1,2,1,1,0,1,1,1,0,0,1,0,0,0,0,Not Changed,Stayed Cookie
1,0,4,161,7,0.4285714328289032,1,1,161,14,3,2,2,0,0,0,1,6,1,4,1,0,1,1,0,0,0,0,0,0,0.1428571492433548,Not Changed,Stayed Grape
1,0,4,37,7,0.5714285969734192,1,1,37,4,2,3,2,0,0,0,0,6,0,4,0,1,1,1,0,1,0,0,0,0,0.2857142984867096,Not Changed,Stayed Grape
1,0,1,11,7,1,1,1,1,1,2,3,4,0,0,0,0,8,0,1,0,1,0,1,0,0,1,1,1,1,0.7142857313156128,Not Changed,Stayed Grape
0,0,6,34,7,0,0,0,34,3,2,3,2,0,0,0,0,2,0,6,0,1,1,1,1,0,0,0,1,0,0,Not Changed,Stayed Cookie
1,0,1,11,7,1,1,1,1,1,2,3,2,0,0,0,0,8,0,1,0,1,1,1,0,0,1,1,0,0,0.7142857313156128,Not Changed,Stayed Grape
0,0,4,194,7,0,1,1,196,17,2,3,2,0,0,0,0,2,0,4,0,1,1,1,0,0,1,0,1,0,0,Not Changed,Stayed Grape
0,0,3,49,7,0,0,0,45,4,2,3,2,0,0,0,0,2,0,3,0,1,1,1,0,0,0,0,1,0,0,Not Changed,Stayed Cookie
0,0,1,182,7,0,0,0,182,16,3,4,2,0,0,0,1,2,1,1,0,0,1,1,0,0,1,0,0,0,0,Not Changed,Stayed Cookie
1,0,4,47,8,1,1,1,43,4,3,3,2,0,0,0,1,8,1,4,0,1,1,1,0,0,1,1,0,0,0.625,Not Changed,Stayed Grape
1,0,4,158,8,1,0,0,146,12,2,3,2,0,0,0,0,8,0,4,0,1,1,1,0,0,1,1,1,1,0.125,Not Changed,Stayed Cookie
0,0,3,67,8,0,0,0,64,6,2,6,4,0,0,0,0,2,0,3,0,0,0,1,0,1,0,0,0,0,0,Not Changed,Stayed Cookie
0,0,2,8,8,0,1,1,23,3,3,3,2,0,0,0,1,2,1,2,0,1,1,1,0,0,0,0,0,0,0,Not Changed,Stayed Grape
0,0,2,93,8,0.375,1,1,92,8,2,3,2,0,0,0,0,5,0,2,0,1,1,1,0,0,1,1,1,1,0.375,Not Changed,Stayed Grape
0,0,4,92,8,0.5,0,0,102,9,3,3,2,0,0,0,1,5,1,4,0,1,1,1,0,0,0,0,0,0,0.5,Not Changed,Stayed Cookie
1,0,4,94,8,0.375,1,1,103,9,3,3,2,0,0,0,1,6,1,4,0,1,1,1,0,0,1,0,1,0,0.375,Not Changed,Stayed Grape
1,0,0,171,8,0.375,1,1,167,14,2,2,2,0,0,0,0,6,0,0,1,0,1,1,0,1,0,0,0,0,0.25,Not Changed,Stayed Grape
0,0,3,30,8,0,1,0,18,2,3,3,2,-1,0,1,1,2,1,3,0,1,1,1,0,0,1,0,0,0,0,Grape to Cookie,Changed
1,0,7,99,8,0.375,0,0,119,10,2,3,2,0,0,0,0,6,0,7,0,1,1,1,1,1,0,0,0,0,0.375,Not Changed,Stayed Cookie
1,0,4,158,8,1,0,0,146,12,3,2,2,0,0,0,1,8,1,4,1,0,1,1,0,0,1,1,0,0,0.875,Not Changed,Stayed Cookie
1,0,4,274,8,1,1,1,268,24,2,2,2,0,0,0,0,8,0,4,1,0,1,1,0,0,1,1,1,1,0.875,Not Changed,Stayed Grape
0,0,6,148,8,0,0,1,155,13,2,3,2,1,1,0,0,2,0,6,0,1,1,1,1,0,1,0,0,0,0,Cookie to Grape,Changed
1,0,6,206,8,0.5,1,1,208,18,2,6,3,0,0,0,0,6,0,6,0,0,0,1,1,0,0,0,1,1,0.375,Not Changed,Stayed Grape
0,0,3,213,8,0,1,1,212,19,3,3,2,0,0,0,1,2,1,3,0,1,1,1,0,0,0,0,0,0,0,Not Changed,Stayed Grape
1,0,4,45,8,1,1,1,42,4,2,3,2,0,0,0,0,8,0,4,0,1,1,1,0,0,1,1,0,0,0.625,Not Changed,Stayed Grape
0,0,7,99,8,0.375,0,0,119,10,2,3,2,0,0,0,0,5,0,7,0,1,1,1,1,0,1,1,0,0,0.375,Not Changed,Stayed Cookie
1,0,4,92,8,0.5,1,0,102,9,3,3,2,-1,0,1,1,6,1,4,0,1,1,1,0,0,1,1,1,0,0.5,Grape to Cookie,Changed
0,0,3,30,8,0,1,1,18,2,3,3,2,0,0,0,1,2,1,3,0,1,1,1,0,0,1,0,1,0,0,Not Changed,Stayed Grape
1,0,4,98,8,0.5,1,1,105,9,2,3,2,0,0,0,0,6,0,4,0,1,1,1,0,0,1,1,1,1,0.5,Not Changed,Stayed Grape
1,0,7,99,8,0.375,1,0,119,10,2,3,4,-1,0,1,0,6,0,7,0,1,0,1,1,0,1,1,0,0,0.375,Grape to Cookie,Changed
0,0,3,183,8,0.375,0,1,193,17,3,3,2,1,1,0,1,5,1,3,0,1,1,1,0,0,1,0,1,1,0,Cookie to Grape,Changed
0,0,6,148,8,0,0,1,155,13,2,3,2,1,1,0,0,2,0,6,0,1,1,1,1,1,0,0,0,0,0,Cookie to Grape,Changed
1,0,3,170,8,0.375,0,1,175,15,2,2,2,1,1,0,0,6,0,3,1,0,1,1,0,0,1,1,1,1,0.375,Cookie to Grape,Changed
1,0,4,45,8,1,1,1,42,4,2,3,2,0,0,0,0,8,0,4,0,1,1,1,0,0,1,1,0,0,0.625,Not Changed,Stayed Grape
1,0,4,98,8,0.5,1,1,105,9,2,3,2,0,0,0,0,6,0,4,0,1,1,1,0,0,1,1,1,1,0.5,Not Changed,Stayed Grape
0,0,4,94,8,0.375,0,0,103,9,3,3,2,0,0,0,1,5,1,4,0,1,1,1,0,0,1,1,1,0,0.375,Not Changed,Stayed Cookie
0,0,3,170,8,0.375,1,0,175,15,2,2,2,-1,0,1,0,5,0,3,1,0,1,1,0,1,0,0,0,0,0.375,Grape to Cookie,Changed
0,0,6,148,8,0,0,0,155,13,3,3,2,0,0,0,1,2,1,6,0,1,1,1,1,0,1,0,0,0,0,Not Changed,Stayed Cookie
0,0,2,164,8,0.625,1,1,164,14,2,2,2,0,0,0,0,5,0,2,1,0,1,1,0,0,1,1,1,1,0.5,Not Changed,Stayed Grape
0,0,0,171,8,0.375,1,1,167,14,2,2,2,0,0,0,0,5,0,0,1,0,1,1,0,1,0,0,0,0,0.25,Not Changed,Stayed Grape
0,0,3,126,8,0,1,0,115,9,3,3,2,-1,0,1,1,2,1,3,0,1,1,1,0,0,1,0,1,0,0,Grape to Cookie,Changed
0,0,2,93,8,0.375,0,0,92,8,3,3,2,0,0,0,1,5,1,2,0,1,1,1,0,0,1,1,1,1,0,Not Changed,Stayed Cookie
0,0,3,30,8,0,1,0,18,2,2,3,2,-1,0,1,0,2,0,3,0,1,1,1,0,0,1,0,1,0,0,Grape to Cookie,Changed
1,0,4,92,8,0.5,1,1,102,9,3,3,2,0,0,0,1,6,1,4,0,1,1,1,0,0,0,0,1,1,0.5,Not Changed,Stayed Grape
1,0,3,170,8,0.375,0,1,175,15,2,2,2,1,1,0,0,6,0,3,1,0,1,1,0,0,1,1,1,1,0.375,Cookie to Grape,Changed
1,0,6,206,8,0.5,0,0,208,18,3,3,2,0,0,0,1,6,1,6,0,1,1,1,1,0,1,0,0,0,0.125,Not Changed,Stayed Cookie
0,0,0,213,8,0,0,1,212,19,2,2,2,1,1,0,0,2,0,0,1,0,1,1,0,1,0,0,0,0,0,Cookie to Grape,Changed
0,0,7,99,8,0.375,0,0,119,10,2,3,2,0,0,0,0,5,0,7,0,1,1,1,1,0,1,1,0,0,0.375,Not Changed,Stayed Cookie
1,0,1,45,8,1,1,1,42,4,3,3,2,0,0,0,1,8,1,1,0,1,1,1,0,0,0,0,0,0,0.25,Not Changed,Stayed Grape
1,0,4,94,8,0.375,1,1,103,9,3,3,2,0,0,0,1,6,1,4,0,1,1,1,0,0,1,1,1,0,0.375,Not Changed,Stayed Grape
1,0,5,179,8,1,1,1,180,15,3,2,2,0,0,0,1,8,1,5,1,0,1,1,1,0,1,1,0,0,0.875,Not Changed,Stayed Grape
0,0,3,126,8,0,0,0,115,9,2,3,2,0,0,0,0,2,0,3,0,1,1,1,0,1,0,0,0,0,0,Not Changed,Stayed Cookie
1,0,2,164,8,0.625,1,1,164,14,2,2,2,0,0,0,0,6,0,2,1,0,1,1,0,0,1,1,1,1,0.5,Not Changed,Stayed Grape
0,0,0,169,8,0.375,0,1,166,14,3,2,2,1,1,0,1,5,1,0,1,0,1,1,0,1,0,0,0,0,0.25,Cookie to Grape,Changed
0,0,3,126,8,0,1,0,115,9,3,2,2,-1,0,1,1,2,1,3,1,0,1,1,0,0,1,0,1,0,0,Grape to Cookie,Changed
1,0,5,179,8,1,1,1,180,15,3,2,2,0,0,0,1,8,1,5,1,0,1,1,1,0,1,1,1,1,0.875,Not Changed,Stayed Grape
0,0,6,172,8,0.625,1,1,176,15,2,2,2,0,0,0,0,5,0,6,1,0,1,1,1,0,1,0,1,0,0.125,Not Changed,Stayed Grape
0,0,2,93,8,0.375,1,1,92,8,2,3,2,0,0,0,0,5,0,2,0,1,1,1,0,0,1,1,1,1,0.375,Not Changed,Stayed Grape
1,0,4,45,8,1,1,1,42,4,2,2,2,0,0,0,0,8,0,4,1,0,1,1,0,0,1,1,0,0,0.625,Not Changed,Stayed Grape
1,0,3,170,8,0.375,1,1,175,15,2,2,2,0,0,0,0,6,0,3,1,0,1,1,0,0,1,1,1,1,0.375,Not Changed,Stayed Grape
0,0,6,148,8,0,0,0,155,13,2,3,2,0,0,0,0,2,0,6,0,1,1,1,1,1,0,0,0,0,0,Not Changed,Stayed Cookie
0,0,4,162,8,0,0,0,162,14,2,2,2,0,0,0,0,2,0,4,1,0,1,1,0,0,1,0,0,0,0,Not Changed,Stayed Cookie
0,0,6,206,8,0.5,0,0,208,18,3,3,2,0,0,0,1,5,1,6,0,1,1,1,1,0,1,0,1,1,0.125,Not Changed,Stayed Cookie
0,0,2,213,8,0,0,0,212,19,2,2,4,0,0,0,0,2,0,2,1,0,0,1,0,0,0,0,1,0,0,Not Changed,Stayed Cookie
1,0,4,158,8,1,0,0,146,12,3,3,2,0,0,0,1,8,1,4,0,1,1,1,0,0,0,0,1,1,0.875,Not Changed,Stayed Cookie
1,0,5,179,8,1,1,1,180,15,3,2,2,0,0,0,1,8,1,5,1,0,1,1,1,0,0,0,1,1,0.875,Not Changed,Stayed Grape
1,0,2,93,8,0.375,1,1,92,8,2,3,2,0,0,0,0,6,0,2,0,1,1,1,0,0,1,1,1,0,0.375,Not Changed,Stayed Grape
0,0,8,8,8,0,1,1,23,3,2,3,2,0,0,0,0,2,0,8,0,1,1,1,1,1,0,0,0,0,0,Not Changed,Stayed Grape
0,0,4,162,8,0,0,0,162,14,2,2,2,0,0,0,0,2,0,4,1,0,1,1,0,0,0,0,1,0,0,Not Changed,Stayed Cookie
1,0,4,158,8,1,0,0,146,12,3,4,2,0,0,0,1,8,1,4,0,0,1,1,0,0,1,1,1,1,0.875,Not Changed,Stayed Cookie
1,0,4,47,8,1,1,1,43,4,3,3,2,0,0,0,1,8,1,4,0,1,1,1,0,0,1,1,0,0,0.625,Not Changed,Stayed Grape
0,0,4,94,8,0.375,0,0,103,9,3,3,2,0,0,0,1,5,1,4,0,1,1,1,0,0,1,1,1,0,0.375,Not Changed,Stayed Cookie
0,0,2,93,8,0.375,0,1,92,8,3,3,2,1,1,0,1,5,1,2,0,1,1,1,0,1,0,0,0,0,0,Cookie to Grape,Changed
1,0,4,45,8,1,1,1,42,4,2,2,2,0,0,0,0,8,0,4,1,0,1,1,0,0,1,1,0,0,0.625,Not Changed,Stayed Grape
1,0,4,274,8,1,1,1,268,24,2,3,2,0,0,0,0,8,0,4,0,1,1,1,0,1,0,0,0,0,0.875,Not Changed,Stayed Grape
1,0,5,179,8,1,1,1,180,15,3,2,2,0,0,0,1,8,1,5,1,0,1,1,1,1,0,0,0,0,0.875,Not Changed,Stayed Grape
0,0,1,213,8,0,0,1,212,19,2,2,2,1,1,0,0,2,0,1,1,0,1,1,0,1,0,0,0,0,0,Cookie to Grape,Changed
1,0,2,164,8,0.625,1,1,164,14,2,2,2,0,0,0,0,6,0,2,1,0,1,1,0,1,0,0,0,0,0.5,Not Changed,Stayed Grape
1,0,4,158,8,1,0,0,146,12,3,2,2,0,0,0,1,8,1,4,1,0,1,1,0,1,0,0,0,0,0.875,Not Changed,Stayed Cookie
1,0,4,47,8,1,1,0,43,4,3,3,2,-1,0,1,1,8,1,4,0,1,1,1,0,0,1,1,0,0,0.625,Grape to Cookie,Changed
1,0,4,274,8,1,1,1,268,24,2,3,2,0,0,0,0,8,0,4,0,1,1,1,0,0,1,1,1,1,0.875,Not Changed,Stayed Grape
1,0,3,172,8,0.625,1,1,176,15,2,2,2,0,0,0,0,6,0,3,1,0,1,1,0,0,0,0,1,1,0.125,Not Changed,Stayed Grape
0,0,0,171,8,0.375,0,0,167,14,3,2,2,0,0,0,1,5,1,0,1,0,1,1,0,1,0,0,0,0,0,Not Changed,Stayed Cookie
0,0,6,206,8,0.5,0,0,208,18,3,3,2,0,0,0,1,5,1,6,0,1,1,1,1,0,0,0,0,0,0.125,Not Changed,Stayed Cookie
0,0,6,172,8,0.625,1,1,176,15,2,2,2,0,0,0,0,5,0,6,1,0,1,1,1,0,1,0,1,1,0.125,Not Changed,Stayed Grape
0,0,6,206,8,0.5,0,0,208,18,3,3,2,0,0,0,1,5,1,6,0,1,1,1,1,0,1,1,0,0,0.125,Not Changed,Stayed Cookie
1,0,6,206,8,0.5,1,1,208,18,2,3,2,0,0,0,0,6,0,6,0,1,1,1,1,0,1,1,1,1,0.375,Not Changed,Stayed Grape
0,0,6,8,8,0,1,1,23,3,3,3,2,0,0,0,1,2,1,6,0,1,1,1,1,0,0,0,0,0,0,Not Changed,Stayed Grape
0,0,3,67,8,0,0,0,64,6,2,6,4,0,0,0,0,2,0,3,0,0,0,1,0,1,0,0,0,0,0,Not Changed,Stayed Cookie
1,0,1,45,8,1,1,1,42,4,3,3,2,0,0,0,1,8,1,1,0,1,1,1,0,0,0,0,0,0,0.25,Not Changed,Stayed Grape
1,0,5,179,8,1,1,1,180,15,3,2,2,0,0,0,1,8,1,5,1,0,1,1,1,0,1,1,1,1,0.875,Not Changed,Stayed Grape
0,0,3,126,8,0,1,1,115,9,3,2,2,0,0,0,1,2,1,3,1,0,1,1,0,0,1,0,1,0,0,Not Changed,Stayed Grape
0,0,3,170,8,0.375,1,1,175,15,2,2,2,0,0,0,0,5,0,3,1,0,1,1,0,0,1,0,0,0,0.375,Not Changed,Stayed Grape
1,0,3,183,8,0.375,1,1,193,17,2,3,2,0,0,0,0,6,0,3,0,1,1,1,0,0,1,1,0,0,0.25,Not Changed,Stayed Grape
0,0,3,126,8,0,0,0,115,9,3,3,2,0,0,0,1,2,1,3,0,1,1,1,0,0,1,0,1,0,0,Not Changed,Stayed Cookie
0,0,2,163,8,0.625,1,1,163,14,3,2,2,0,0,0,1,5,1,2,1,0,1,1,0,0,1,1,1,0,0.375,Not Changed,Stayed Grape
0,0,6,148,8,0,1,1,155,13,2,2,4,0,0,0,0,2,0,6,1,0,0,1,1,0,1,0,0,0,0,Not Changed,Stayed Grape
0,0,2,163,8,0.625,1,1,163,14,3,2,2,0,0,0,1,5,1,2,1,0,1,1,0,0,1,1,1,0,0.375,Not Changed,Stayed Grape
0,0,2,163,8,0.625,0,0,163,14,3,2,2,0,0,0,1,5,1,2,1,0,1,1,0,0,1,1,1,0,0.375,Not Changed,Stayed Cookie
0,0,4,94,8,0.375,0,0,103,9,3,3,2,0,0,0,1,5,1,4,0,1,1,1,0,0,1,1,1,0,0.375,Not Changed,Stayed Cookie
1,0,2,163,8,0.625,1,1,163,14,2,2,2,0,0,0,0,6,0,2,1,0,1,1,0,0,0,0,1,1,0.25,Not Changed,Stayed Grape
0,0,4,98,8,0.5,1,0,105,9,2,3,2,-1,0,1,0,5,0,4,0,1,1,1,0,0,1,1,1,1,0.5,Grape to Cookie,Changed
1,0,4,274,8,1,1,1,268,24,3,3,2,0,0,0,1,8,1,4,0,1,1,1,0,0,0,0,1,1,0.125,Not Changed,Stayed Grape
0,0,3,126,8,0,1,1,115,9,3,3,2,0,0,0,1,2,1,3,0,1,1,1,0,0,1,0,1,0,0,Not Changed,Stayed Grape
0,0,3,183,8,0.375,1,1,193,17,3,3,2,0,0,0,1,5,1,3,0,1,1,1,0,0,0,0,1,0,0,Not Changed,Stayed Grape
1,0,0,169,8,0.375,1,0,166,14,3,3,2,-1,0,1,1,6,1,0,0,1,1,1,0,1,0,0,0,0,0.25,Grape to Cookie,Changed
0,0,3,170,8,0.375,0,0,175,15,2,2,2,0,0,0,0,5,0,3,1,0,1,1,0,0,1,1,1,1,0.375,Not Changed,Stayed Cookie
1,0,4,98,8,0.5,1,1,105,9,2,3,2,0,0,0,0,6,0,4,0,1,1,1,0,0,1,1,1,1,0.5,Not Changed,Stayed Grape
0,0,0,169,8,0.375,1,0,166,14,2,2,2,-1,0,1,0,5,0,0,1,0,1,1,0,1,0,0,0,0,0.125,Grape to Cookie,Changed
0,0,0,169,8,0.375,1,1,166,14,3,2,1,0,0,0,1,5,1,0,1,0,0,1,0,1,0,0,0,0,0.25,Not Changed,Stayed Grape
1,0,4,47,8,1,1,1,43,4,2,3,2,0,0,0,0,8,0,4,0,1,1,1,0,0,0,0,1,1,0.375,Not Changed,Stayed Grape
1,0,0,169,8,0.375,1,1,166,14,3,2,2,0,0,0,1,6,1,0,1,0,1,1,0,1,0,0,0,0,0.25,Not Changed,Stayed Grape
1,0,1,45,8,1,1,1,42,4,2,2,2,0,0,0,0,8,0,1,1,0,1,1,0,0,0,0,0,0,0.625,Not Changed,Stayed Grape
0,0,3,30,8,0,0,1,18,2,2,3,2,1,1,0,0,2,0,3,0,1,1,1,0,0,1,0,1,0,0,Cookie to Grape,Changed
1,0,4,92,8,0.5,1,1,102,9,3,3,2,0,0,0,1,6,1,4,0,1,1,1,0,0,1,1,1,1,0.5,Not Changed,Stayed Grape
1,0,4,274,8,1,1,1,268,24,2,3,2,0,0,0,0,8,0,4,0,1,1,1,0,0,1,1,1,1,0.875,Not Changed,Stayed Grape
0,0,0,171,8,0.375,1,1,167,14,3,2,2,0,0,0,1,5,1,0,1,0,1,1,0,1,0,0,0,0,0,Not Changed,Stayed Grape
0,0,7,99,8,0.375,1,0,119,10,2,3,2,-1,0,1,0,5,0,7,0,1,1,1,1,1,0,0,0,0,0.375,Grape to Cookie,Changed
1,0,1,47,8,1,1,1,43,4,2,6,2,0,0,0,0,8,0,1,0,0,1,1,0,0,0,0,0,0,0.375,Not Changed,Stayed Grape
0,0,4,162,8,0,1,1,162,14,3,2,2,0,0,0,1,2,1,4,1,0,1,1,0,0,1,0,1,0,0,Not Changed,Stayed Grape
0,0,3,183,8,0.375,1,1,193,17,2,3,2,0,0,0,0,5,0,3,0,1,1,1,0,0,1,1,1,1,0.25,Not Changed,Stayed Grape
1,0,4,274,8,1,1,1,268,24,2,2,2,0,0,0,0,8,0,4,1,0,1,1,0,0,1,1,0,0,0.875,Not Changed,Stayed Grape
0,0,3,117,8,0,1,1,111,9,2,3,2,0,0,0,0,2,0,3,0,1,1,1,0,0,1,0,1,0,0,Not Changed,Stayed Grape
0,0,4,162,8,0,1,1,162,14,2,2,2,0,0,0,0,2,0,4,1,0,1,1,0,0,0,0,1,0,0,Not Changed,Stayed Grape
1,0,2,47,8,1,1,1,43,4,3,3,2,0,0,0,1,8,1,2,0,1,1,1,0,0,0,0,0,0,0.625,Not Changed,Stayed Grape
0,0,4,162,8,0,0,0,162,14,2,2,2,0,0,0,0,2,0,4,1,0,1,1,0,0,1,0,0,0,0,Not Changed,Stayed Cookie
1,0,5,179,8,1,1,1,180,15,3,2,2,0,0,0,1,8,1,5,1,0,1,1,1,0,1,1,1,1,0.875,Not Changed,Stayed Grape
0,0,2,164,8,0.625,1,1,164,14,2,2,2,0,0,0,0,5,0,2,1,0,1,1,0,0,1,1,0,0,0.5,Not Changed,Stayed Grape
0,0,6,172,8,0.625,1,1,176,15,2,2,2,0,0,0,0,5,0,6,1,0,1,1,1,0,1,0,1,1,0.125,Not Changed,Stayed Grape
0,0,3,67,8,0,0,0,64,6,2,3,2,0,0,0,0,2,0,3,0,1,1,1,0,1,0,0,0,0,0,Not Changed,Stayed Cookie
1,0,6,172,8,0.625,1,1,176,15,3,2,2,0,0,0,1,6,1,6,1,0,1,1,1,0,0,0,1,1,0.375,Not Changed,Stayed Grape
1,0,0,171,8,0.375,1,1,167,14,2,2,2,0,0,0,0,6,0,0,1,0,1,1,0,1,0,0,0,0,0.25,Not Changed,Stayed Grape
0,0,6,8,8,0,1,1,23,3,3,3,4,0,0,0,1,2,1,6,0,1,0,1,1,0,1,0,1,0,0,Not Changed,Stayed Grape
0,0,3,213,8,0,0,0,212,19,2,2,1,0,0,0,0,2,0,3,1,0,0,1,0,1,0,0,0,0,0,Not Changed,Stayed Cookie
0,0,4,162,8,0,0,0,162,14,2,2,2,0,0,0,0,2,0,4,1,0,1,1,0,0,1,0,0,0,0,Not Changed,Stayed Cookie
1,0,5,179,8,1,1,1,180,15,3,2,2,0,0,0,1,8,1,5,1,0,1,1,1,0,1,1,0,0,0.875,Not Changed,Stayed Grape
0,0,4,98,8,0.5,1,1,105,9,2,2,2,0,0,0,0,5,0,4,1,0,1,1,0,1,0,0,0,0,0.5,Not Changed,Stayed Grape
0,0,4,162,8,0,0,1,162,14,3,2,2,1,1,0,1,2,1,4,1,0,1,1,0,0,1,0,1,0,0,Cookie to Grape,Changed
0,0,6,8,8,0,1,1,23,3,3,3,2,0,0,0,1,2,1,6,0,1,1,1,1,0,0,0,1,0,0,Not Changed,Stayed Grape
0,0,3,170,8,0.375,0,1,175,15,2,2,2,1,1,0,0,5,0,3,1,0,1,1,0,0,1,1,1,0,0.375,Cookie to Grape,Changed
0,0,7,99,8,0.375,0,0,119,10,2,2,2,0,0,0,0,5,0,7,1,0,1,1,1,0,1,0,1,0,0.375,Not Changed,Stayed Cookie
1,0,4,94,8,0.375,1,1,103,9,3,3,2,0,0,0,1,6,1,4,0,1,1,1,0,0,1,1,0,0,0.375,Not Changed,Stayed Grape
1,0,4,274,8,1,1,1,268,24,2,3,2,0,0,0,0,8,0,4,0,1,1,1,0,0,1,1,1,1,0.875,Not Changed,Stayed Grape
0,0,3,117,8,0,1,1,111,9,3,3,2,0,0,0,1,2,1,3,0,1,1,1,0,0,0,0,1,0,0,Not Changed,Stayed Grape
0,0,0,171,8,0.375,1,1,167,14,3,2,2,0,0,0,1,5,1,0,1,0,1,1,0,1,0,0,0,0,0,Not Changed,Stayed Grape
1,0,4,158,8,1,0,0,146,12,3,3,2,0,0,0,1,8,1,4,0,1,1,1,0,0,1,1,1,1,0.875,Not Changed,Stayed Cookie
1,0,4,92,8,0.5,1,1,102,9,3,2,2,0,0,0,1,6,1,4,1,0,1,1,0,0,1,1,0,0,0.5,Not Changed,Stayed Grape
0,0,3,67,8,0,0,0,64,6,2,3,2,0,0,0,0,2,0,3,0,1,1,1,0,1,0,0,0,0,0,Not Changed,Stayed Cookie
0,0,6,148,8,0,1,1,155,13,3,3,2,0,0,0,1,2,1,6,0,1,1,1,1,0,1,0,0,0,0,Not Changed,Stayed Grape
0,0,4,92,8,0.5,1,1,102,9,3,3,2,0,0,0,1,5,1,4,0,1,1,1,0,0,0,0,0,0,0.5,Not Changed,Stayed Grape
0,0,6,148,8,0,0,0,155,13,2,3,2,0,0,0,0,2,0,6,0,1,1,1,1,1,0,0,0,0,0,Not Changed,Stayed Cookie
1,0,7,99,8,0.375,0,0,119,10,2,3,2,0,0,0,0,6,0,7,0,1,1,1,1,0,1,1,0,0,0.375,Not Changed,Stayed Cookie
0,0,4,92,8,0.5,1,1,102,9,3,3,2,0,0,0,1,5,1,4,0,1,1,1,0,0,1,1,1,1,0.5,Not Changed,Stayed Grape
1,0,4,274,8,1,1,1,268,24,2,2,2,0,0,0,0,8,0,4,1,0,1,1,0,0,1,1,1,1,0.875,Not Changed,Stayed Grape
0,0,7,99,8,0.375,0,0,119,10,2,3,2,0,0,0,0,5,0,7,0,1,1,1,1,0,1,1,0,0,0.375,Not Changed,Stayed Cookie
0,0,3,117,8,0,1,1,111,9,2,2,2,0,0,0,0,2,0,3,1,0,1,1,0,0,1,0,1,0,0,Not Changed,Stayed Grape
1,0,2,164,8,0.625,1,1,164,14,2,2,2,0,0,0,0,6,0,2,1,0,1,1,0,0,1,1,1,1,0.5,Not Changed,Stayed Grape
0,0,4,94,8,0.375,1,1,103,9,3,3,4,0,0,0,1,5,1,4,0,1,0,1,0,0,1,1,1,0,0.375,Not Changed,Stayed Grape
1,0,0,169,8,0.375,1,0,166,14,2,2,2,-1,0,1,0,6,0,0,1,0,1,1,0,1,0,0,0,0,0.125,Grape to Cookie,Changed
0,0,3,30,8,0,1,0,18,2,2,3,2,-1,0,1,0,2,0,3,0,1,1,1,0,0,0,0,1,0,0,Grape to Cookie,Changed
0,0,3,170,8,0.375,0,1,175,15,2,2,2,1,1,0,0,5,0,3,1,0,1,1,0,1,0,0,0,0,0.375,Cookie to Grape,Changed
0,0,3,67,8,0,0,0,64,6,2,3,2,0,0,0,0,2,0,3,0,1,1,1,0,1,0,0,0,0,0,Not Changed,Stayed Cookie
0,0,0,213,8,0,0,0,212,19,3,3,2,0,0,0,1,2,1,0,0,1,1,1,0,1,0,0,0,0,0,Not Changed,Stayed Cookie
0,0,3,126,8,0,1,1,115,9,3,2,2,0,0,0,1,2,1,3,1,0,1,1,0,1,0,0,0,0,0,Not Changed,Stayed Grape
1,0,2,164,8,0.625,1,1,164,14,2,2,2,0,0,0,0,6,0,2,1,0,1,1,0,1,0,0,0,0,0.5,Not Changed,Stayed Grape
0,0,3,117,8,0,1,1,111,9,2,3,2,0,0,0,0,2,0,3,0,1,1,1,0,0,1,0,1,0,0,Not Changed,Stayed Grape
0,0,4,94,8,0.375,0,0,103,9,3,3,2,0,0,0,1,5,1,4,0,1,1,1,0,0,1,1,1,0,0.375,Not Changed,Stayed Cookie
1,0,2,47,8,1,1,1,43,4,2,3,2,0,0,0,0,8,0,2,0,1,1,1,0,0,0,0,0,0,0.375,Not Changed,Stayed Grape
1,0,4,158,8,1,0,0,146,12,3,2,2,0,0,0,1,8,1,4,1,0,1,1,0,0,1,1,1,1,0.875,Not Changed,Stayed Cookie
0,0,3,213,8,0,0,0,212,19,2,2,2,0,0,0,0,2,0,3,1,0,1,1,0,0,0,0,0,0,0,Not Changed,Stayed Cookie
0,0,8,8,8,0,1,1,23,3,3,3,2,0,0,0,1,2,1,8,0,1,1,1,1,1,0,0,0,0,0,Not Changed,Stayed Grape
0,0,3,117,8,0,1,1,111,9,2,3,2,0,0,0,0,2,0,3,0,1,1,1,0,0,1,0,1,0,0,Not Changed,Stayed Grape
0,0,3,117,8,0,1,1,111,9,3,3,2,0,0,0,1,2,1,3,0,1,1,1,0,1,0,0,0,0,0,Not Changed,Stayed Grape
1,0,6,172,8,0.625,1,1,176,15,3,2,2,0,0,0,1,6,1,6,1,0,1,1,1,1,0,0,0,0,0.375,Not Changed,Stayed Grape
0,0,3,117,8,0,0,0,111,9,2,2,2,0,0,0,0,2,0,3,1,0,1,1,0,0,1,0,1,0,0,Not Changed,Stayed Cookie
0,0,2,213,8,0,0,0,212,19,3,2,2,0,0,0,1,2,1,2,1,0,1,1,0,0,0,0,0,0,0,Not Changed,Stayed Cookie
1,0,2,93,8,0.375,1,1,92,8,2,2,2,0,0,0,0,6,0,2,1,0,1,1,0,0,1,1,0,0,0.375,Not Changed,Stayed Grape
1,0,2,163,8,0.625,1,1,163,14,3,2,2,0,0,0,1,6,1,2,1,0,1,1,0,0,1,1,1,1,0.375,Not Changed,Stayed Grape
0,0,3,183,8,0.375,0,0,193,17,2,3,2,0,0,0,0,5,0,3,0,1,1,1,0,0,0,0,0,0,0.25,Not Changed,Stayed Cookie
0,0,2,93,8,0.375,0,0,92,8,3,3,2,0,0,0,1,5,1,2,0,1,1,1,0,0,1,0,1,1,0,Not Changed,Stayed Cookie
1,0,4,98,8,0.5,1,1,105,9,2,2,2,0,0,0,0,6,0,4,1,0,1,1,0,0,0,0,0,0,0.5,Not Changed,Stayed Grape
0,0,0,169,8,0.375,1,0,166,14,3,2,2,-1,0,1,1,5,1,0,1,0,1,1,0,1,0,0,0,0,0.25,Grape to Cookie,Changed
0,0,4,98,8,0.5,1,1,105,9,2,3,3,0,0,0,0,5,0,4,0,1,0,1,0,0,1,1,1,1,0.5,Not Changed,Stayed Grape
0,0,0,171,8,0.375,1,1,167,14,2,3,2,0,0,0,0,5,0,0,0,1,1,1,0,1,0,0,0,0,0.25,Not Changed,Stayed Grape
1,0,2,163,8,0.625,1,1,163,14,2,3,2,0,0,0,0,6,0,2,0,1,1,1,0,0,0,0,1,0,0.25,Not Changed,Stayed Grape
1,0,6,206,8,0.5,0,0,208,18,2,3,2,0,0,0,0,6,0,6,0,1,1,1,1,0,1,0,1,0,0.375,Not Changed,Stayed Cookie
0,0,6,148,8,0,1,1,155,13,3,2,2,0,0,0,1,2,1,6,1,0,1,1,1,0,0,0,0,0,0,Not Changed,Stayed Grape
0,0,6,206,8,0.5,0,0,208,18,2,3,2,0,0,0,0,5,0,6,0,1,1,1,1,0,1,1,0,0,0.375,Not Changed,Stayed Cookie
1,0,2,163,8,0.625,1,1,163,14,3,2,2,0,0,0,1,6,1,2,1,0,1,1,0,0,1,1,1,1,0.375,Not Changed,Stayed Grape
0,0,3,30,8,0,0,0,18,2,3,3,2,0,0,0,1,2,1,3,0,1,1,1,0,0,1,0,0,0,0,Not Changed,Stayed Cookie
1,0,2,93,8,0.375,0,0,92,8,2,3,2,0,0,0,0,6,0,2,0,1,1,1,0,0,1,1,1,0,0.375,Not Changed,Stayed Cookie
0,0,6,8,8,0,0,0,23,3,3,3,2,0,0,0,1,2,1,6,0,1,1,1,1,0,0,0,1,0,0,Not Changed,Stayed Cookie
0,0,3,30,8,0,1,0,18,2,3,3,2,-1,0,1,1,2,1,3,0,1,1,1,0,0,1,0,1,0,0,Grape to Cookie,Changed
0,0,3,67,8,0,0,1,64,6,2,3,2,1,1,0,0,2,0,3,0,1,1,1,0,1,0,0,0,0,0,Cookie to Grape,Changed
1,0,2,47,8,1,1,0,43,4,3,2,2,-1,0,1,1,8,1,2,1,0,1,1,0,0,1,1,1,1,0.625,Grape to Cookie,Changed
1,0,3,183,8,0.375,1,1,193,17,2,2,2,0,0,0,0,6,0,3,1,0,1,1,0,0,0,0,1,1,0.25,Not Changed,Stayed Grape
0,0,3,30,8,0,1,1,18,2,2,3,2,0,0,0,0,2,0,3,0,1,1,1,0,0,1,0,0,0,0,Not Changed,Stayed Grape
1,0,4,158,8,1,0,0,146,12,3,2,2,0,0,0,1,8,1,4,1,0,1,1,0,0,1,1,0,0,0.875,Not Changed,Stayed Cookie
0,0,3,117,8,0,1,1,111,9,2,3,2,0,0,0,0,2,0,3,0,1,1,1,0,1,0,0,0,0,0,Not Changed,Stayed Grape
1,0,3,172,8,0.625,1,1,176,15,3,2,2,0,0,0,1,6,1,3,1,0,1,1,0,0,0,0,1,1,0.375,Not Changed,Stayed Grape
0,0,4,162,8,0,1,1,162,14,2,2,2,0,0,0,0,2,0,4,1,0,1,1,0,0,1,0,1,0,0,Not Changed,Stayed Grape
0,0,3,67,8,0,0,0,64,6,2,3,2,0,0,0,0,2,0,3,0,1,1,1,0,1,0,0,0,0,0,Not Changed,Stayed Cookie
0,0,4,98,8,0.5,1,1,105,9,2,2,2,0,0,0,0,5,0,4,1,0,1,1,0,0,1,1,1,1,0.5,Not Changed,Stayed Grape
0,0,0,169,8,0.375,1,1,166,14,2,2,2,0,0,0,0,5,0,0,1,0,1,1,0,1,0,0,0,0,0.125,Not Changed,Stayed Grape
1,0,2,163,8,0.625,1,1,163,14,3,2,2,0,0,0,1,6,1,2,1,0,1,1,0,0,1,1,1,1,0.375,Not Changed,Stayed Grape
0,0,3,208,9,0,0,0,201,17,3,3,2,0,0,0,1,2,1,3,0,1,1,1,0,0,0,0,0,0,0,Not Changed,Stayed Cookie
0,0,6,31,9,0,0,0,33,3,2,2,2,0,0,0,0,2,0,6,1,0,1,1,1,0,1,0,1,0,0,Not Changed,Stayed Cookie
0,0,6,31,9,0,0,0,33,3,3,2,2,0,0,0,1,2,1,6,1,0,1,1,1,0,1,0,0,0,0,Not Changed,Stayed Cookie
0,0,6,31,9,0,1,1,33,3,2,3,4,0,0,0,0,2,0,6,0,1,0,1,1,0,1,0,0,0,0,Not Changed,Stayed Grape
0,0,3,208,9,0,1,1,201,17,3,2,2,0,0,0,1,2,1,3,1,0,1,1,0,0,1,0,0,0,0,Not Changed,Stayed Grape
0,0,8,278,9,0.5555555820465088,0,0,281,25,3,3,2,0,0,0,1,5,1,8,0,1,1,1,1,1,0,0,0,0,0.5555555820465088,Not Changed,Stayed Cookie
0,0,3,208,9,0,0,0,201,17,3,3,2,0,0,0,1,2,1,3,0,1,1,1,0,1,0,0,0,0,0,Not Changed,Stayed Cookie
1,0,8,133,9,1,0,0,147,13,3,2,2,0,0,0,1,8,1,8,1,0,1,1,1,0,0,0,1,1,0.4444444477558136,Not Changed,Stayed Cookie
1,0,8,278,9,0.5555555820465088,1,1,281,25,3,6,2,0,0,0,1,6,1,8,0,0,1,1,1,0,0,0,0,0,0.5555555820465088,Not Changed,Stayed Grape
0,0,3,208,9,0,1,0,201,17,3,2,2,-1,0,1,1,2,1,3,1,0,1,1,0,0,1,0,0,0,0,Grape to Cookie,Changed
0,0,8,278,9,0.5555555820465088,0,0,281,25,3,2,3,0,0,0,1,5,1,8,1,0,0,1,1,1,0,0,0,0,0.5555555820465088,Not Changed,Stayed Cookie
1,0,8,133,9,1,0,1,147,13,2,2,2,1,1,0,0,8,0,8,1,0,1,1,1,0,1,1,0,0,0.5555555820465088,Cookie to Grape,Changed
0,0,6,31,9,0,0,0,33,3,2,3,2,0,0,0,0,2,0,6,0,1,1,1,1,0,1,0,0,0,0,Not Changed,Stayed Cookie
0,0,3,208,9,0,1,1,201,17,3,3,2,0,0,0,1,2,1,3,0,1,1,1,0,0,1,0,1,0,0,Not Changed,Stayed Grape
0,0,6,31,9,0,0,0,33,3,2,3,2,0,0,0,0,2,0,6,0,1,1,1,1,1,0,0,0,0,0,Not Changed,Stayed Cookie
0,0,6,31,9,0,1,0,33,3,2,2,2,-1,0,1,0,2,0,6,1,0,1,1,1,0,1,0,1,0,0,Grape to Cookie,Changed
0,0,3,208,9,0,0,0,201,17,3,3,3,0,0,0,1,2,1,3,0,1,0,1,0,0,1,0,1,0,0,Not Changed,Stayed Cookie
0,0,3,208,9,0,0,1,201,17,3,3,2,1,1,0,1,2,1,3,0,1,1,1,0,0,1,0,0,0,0,Cookie to Grape,Changed
1,0,8,133,9,1,0,0,147,13,2,2,2,0,0,0,0,8,0,8,1,0,1,1,1,0,1,1,0,0,0.5555555820465088,Not Changed,Stayed Cookie
1,0,8,278,9,0.5555555820465088,0,0,281,25,3,2,2,0,0,0,1,6,1,8,1,0,1,1,1,0,0,0,0,0,0.5555555820465088,Not Changed,Stayed Cookie
0,0,6,31,9,0,1,1,33,3,2,3,2,0,0,0,0,2,0,6,0,1,1,1,1,0,1,0,1,0,0,Not Changed,Stayed Grape
0,0,6,31,9,0,1,1,33,3,2,3,2,0,0,0,0,2,0,6,0,1,1,1,1,1,0,0,0,0,0,Not Changed,Stayed Grape
1,0,8,133,9,1,0,0,147,13,3,2,2,0,0,0,1,8,1,8,1,0,1,1,1,0,1,1,1,1,0.4444444477558136,Not Changed,Stayed Cookie
0,0,8,278,9,0.5555555820465088,0,0,281,25,3,2,2,0,0,0,1,5,1,8,1,0,1,1,1,1,0,0,0,0,0.5555555820465088,Not Changed,Stayed Cookie
1,0,8,133,9,1,0,1,147,13,2,2,2,1,1,0,0,8,0,8,1,0,1,1,1,1,0,0,0,0,0.5555555820465088,Cookie to Grape,Changed
1,0,8,133,9,1,0,0,147,13,3,2,3,0,0,0,1,8,1,8,1,0,0,1,1,0,1,1,0,0,0.4444444477558136,Not Changed,Stayed Cookie
1,0,8,278,9,0.5555555820465088,1,1,281,25,3,2,2,0,0,0,1,6,1,8,1,0,1,1,1,1,0,0,0,0,0.5555555820465088,Not Changed,Stayed Grape
1,0,8,133,9,1,0,0,147,13,2,2,2,0,0,0,0,8,0,8,1,0,1,1,1,0,1,1,1,1,0.5555555820465088,Not Changed,Stayed Cookie
1,0,8,133,9,1,0,0,147,13,2,2,3,0,0,0,0,8,0,8,1,0,0,1,1,0,1,1,0,0,0.5555555820465088,Not Changed,Stayed Cookie
1,0,8,278,9,0.5555555820465088,0,0,281,25,3,2,2,0,0,0,1,6,1,8,1,0,1,1,1,0,0,0,1,1,0.5555555820465088,Not Changed,Stayed Cookie
0,0,8,278,9,0.5555555820465088,0,0,281,25,3,6,3,0,0,0,1,5,1,8,0,0,0,1,1,1,0,0,0,0,0.5555555820465088,Not Changed,Stayed Cookie
1,0,8,133,9,1,0,0,147,13,3,2,2,0,0,0,1,8,1,8,1,0,1,1,1,0,1,1,1,1,0.4444444477558136,Not Changed,Stayed Cookie
1,0,8,278,9,0.5555555820465088,0,0,281,25,3,2,2,0,0,0,1,6,1,8,1,0,1,1,1,1,0,0,0,0,0.5555555820465088,Not Changed,Stayed Cookie
